UPC,Product,Category,Supplier ID,Lot Tracked,Unit Price,Case Pack,MOQ,Sellable Unit,Brand,Package Size,Description
049000028911,Bottled Water,Emergency Essentials,SUP-1,False,4.99,24,48,EA,GreenLeaf Distributors,,Bottled Water (original demo item)
039800011906,Batteries,Emergency Essentials,SUP-2,False,6.99,12,24,EA,Guardian Safety Supply,,Batteries (original demo item)
030878004508,Flashlights,Emergency Essentials,SUP-2,False,8.99,6,12,EA,Guardian Safety Supply,,Flashlights (original demo item)
041303011003,Rock Salt,Emergency Essentials,SUP-3,False,5.49,8,16,EA,Household Basics Co,,Rock Salt (original demo item)
052088880018,Space Heater,Emergency Essentials,SUP-2,False,24.99,2,4,EA,Guardian Safety Supply,,Space Heater (original demo item)
073168300019,Rain Ponchos,Emergency Essentials,SUP-1,False,2.99,6,12,EA,GreenLeaf Distributors,,Rain Ponchos (original demo item)
072140010027,First Aid Kit,Emergency Essentials,SUP-4,True,9.99,6,12,EA,MedFirst Products,,First Aid Kit (original demo item)
051500255162,Peanut Butter,Food / Consumables,SUP-5,True,3.49,6,12,EA,Heritage Foods Group,,Peanut Butter (original demo item)
016000275867,Granola Bars,Food / Consumables,SUP-5,True,4.29,6,12,EA,Heritage Foods Group,,Granola Bars (original demo item)
051000012516,Canned Soup,Food / Consumables,SUP-5,True,1.99,6,12,EA,Heritage Foods Group,,Canned Soup (original demo item)
070038640119,Trail Mix,Food / Consumables,SUP-5,False,3.99,6,12,EA,Heritage Foods Group,,Trail Mix (original demo item)
028400090460,Value Snacks,Food / Consumables,SUP-6,False,2.49,6,12,EA,PetPantry Wholesale,,Value Snacks (original demo item)
073730002104,Bread,Food / Consumables,SUP-5,True,2.79,6,12,EA,Heritage Foods Group,,Bread (original demo item)
300871231218,Baby Formula,Food / Consumables,SUP-7,True,18.99,6,12,EA,Little Steps Nutrition,,Baby Formula (original demo item)
017800130039,Pet Food,Household,SUP-6,False,12.99,6,12,EA,PetPantry Wholesale,,Pet Food (original demo item)
037000127109,Laundry Detergent,Household,SUP-3,False,7.99,6,12,EA,Household Basics Co,,Laundry Detergent (original demo item)
030772057008,Paper Towels,Household,SUP-3,False,5.99,6,12,EA,Household Basics Co,,Paper Towels (original demo item)
037000424116,Toothpaste,Personal Care,SUP-8,False,2.99,6,12,EA,CleanCare Brands,,Toothpaste (original demo item)
080878179271,Shampoo,Personal Care,SUP-8,False,4.49,6,12,EA,CleanCare Brands,,Shampoo (original demo item)
301871220013,Hand Sanitizer,Personal Care,SUP-4,True,3.29,6,12,EA,MedFirst Products,,Hand Sanitizer (original demo item)
081234567895,LPG Cylinder 20lb,Emergency Essentials,SUP-2,True,34.99,1,2,EA,Guardian Safety Supply,,LPG Cylinder 20lb (original demo item)
099000107000,Italian Bread,Food / Consumables,SUP-12,True,3.29,6,12,EA,Blue Ridge,12 oz,"Blue Ridge Italian Bread, 12 oz. Fictional private-label item for the recall-matching demo."
099000214005,French Bread,Food / Consumables,SUP-12,True,3.19,6,12,EA,Blue Ridge,10 oz,"Blue Ridge French Bread, 10 oz. Fictional private-label item for the recall-matching demo."
099000321000,Sourdough Bread,Food / Consumables,SUP-12,True,4.49,6,12,EA,Blue Ridge,16 oz,"Blue Ridge Sourdough Bread, 16 oz. Fictional private-label item for the recall-matching demo."
099000428006,Potato Bread,Food / Consumables,SUP-12,False,3.99,6,12,EA,Blue Ridge,20 oz,"Blue Ridge Potato Bread, 20 oz. Fictional private-label item for the recall-matching demo."
099000535001,Sandwich Bread,Food / Consumables,SUP-12,True,2.89,12,24,EA,Blue Ridge,20 oz,"Blue Ridge Sandwich Bread, 20 oz. Fictional private-label item for the recall-matching demo."
099000642006,Bread Pudding,Food / Consumables,SUP-12,True,5.49,6,12,EA,Blue Ridge,13.8 oz,"Blue Ridge Bread Pudding, 13.8 oz. Fictional private-label item for the recall-matching demo."
099000749002,Shortbread Cookies,Food / Consumables,SUP-12,True,4.29,6,12,EA,Blue Ridge,8 oz,"Blue Ridge Shortbread Cookies, 8 oz. Fictional private-label item for the recall-matching demo."
099000856007,Chocolate Chip Cookies,Food / Consumables,SUP-12,False,3.99,6,12,EA,Blue Ridge,12 oz,"Blue Ridge Chocolate Chip Cookies, 12 oz. Fictional private-label item for the recall-matching demo."
099000963002,Oatmeal Cookies,Food / Consumables,SUP-12,False,3.79,6,12,EA,Blue Ridge,12 oz,"Blue Ridge Oatmeal Cookies, 12 oz. Fictional private-label item for the recall-matching demo."
099001070006,Pumpkin Spice Cookies,Food / Consumables,SUP-12,False,4.19,6,12,EA,Blue Ridge,3.5 oz,"Blue Ridge Pumpkin Spice Cookies, 3.5 oz. Fictional private-label item for the recall-matching demo."
099001177002,Dinner Rolls,Food / Consumables,SUP-12,False,3.49,6,12,EA,Blue Ridge,12 ct,"Blue Ridge Dinner Rolls, 12 ct. Fictional private-label item for the recall-matching demo."
099001284007,Tortillas,Food / Consumables,SUP-13,False,2.99,12,24,EA,Lone Star Pantry,10 ct,"Lone Star Pantry Tortillas, 10 ct. Fictional private-label item for the recall-matching demo."
099001391002,Fresh Salsa,Food / Consumables,SUP-14,True,3.99,6,12,EA,Peachtree Fresh,16 oz,"Peachtree Fresh Fresh Salsa, 16 oz. Fictional private-label item for the recall-matching demo."
099001498008,Pico de Gallo,Food / Consumables,SUP-14,True,3.79,6,12,EA,Peachtree Fresh,12 oz,"Peachtree Fresh Pico de Gallo, 12 oz. Fictional private-label item for the recall-matching demo."
099001505003,Guacamole,Food / Consumables,SUP-14,True,4.49,6,12,EA,Peachtree Fresh,8 oz,"Peachtree Fresh Guacamole, 8 oz. Fictional private-label item for the recall-matching demo."
099001612008,Hummus,Food / Consumables,SUP-14,False,3.49,6,12,EA,Peachtree Fresh,10 oz,"Peachtree Fresh Hummus, 10 oz. Fictional private-label item for the recall-matching demo."
099001719004,Salad Kit,Food / Consumables,SUP-14,True,4.29,6,12,EA,Peachtree Fresh,10 oz,"Peachtree Fresh Salad Kit, 10 oz. Fictional private-label item for the recall-matching demo."
099001826009,Spinach,Food / Consumables,SUP-14,True,2.99,12,24,EA,Peachtree Fresh,10 oz,"Peachtree Fresh Spinach, 10 oz. Fictional private-label item for the recall-matching demo."
099001933004,Romaine Lettuce,Food / Consumables,SUP-14,True,2.49,12,24,EA,Peachtree Fresh,3 ct,"Peachtree Fresh Romaine Lettuce, 3 ct. Fictional private-label item for the recall-matching demo."
099002040008,Cantaloupe,Food / Consumables,SUP-14,False,3.49,6,12,EA,Peachtree Fresh,each,"Peachtree Fresh Cantaloupe, each. Fictional private-label item for the recall-matching demo."
099002147004,Cut Fruit Cup,Food / Consumables,SUP-14,True,3.29,6,12,EA,Peachtree Fresh,12 oz,"Peachtree Fresh Cut Fruit Cup, 12 oz. Fictional private-label item for the recall-matching demo."
099002254009,Diced Onions,Food / Consumables,SUP-14,False,2.79,12,24,EA,Peachtree Fresh,10 oz,"Peachtree Fresh Diced Onions, 10 oz. Fictional private-label item for the recall-matching demo."
099002361004,Jalapeno Peppers,Food / Consumables,SUP-14,False,1.99,12,24,EA,Peachtree Fresh,8 oz,"Peachtree Fresh Jalapeno Peppers, 8 oz. Fictional private-label item for the recall-matching demo."
099002468000,Green Bell Peppers,Food / Consumables,SUP-14,False,2.49,12,24,EA,Peachtree Fresh,3 ct,"Peachtree Fresh Green Bell Peppers, 3 ct. Fictional private-label item for the recall-matching demo."
099002575005,Roma Tomatoes,Food / Consumables,SUP-14,False,2.99,12,24,EA,Peachtree Fresh,1 lb,"Peachtree Fresh Roma Tomatoes, 1 lb. Fictional private-label item for the recall-matching demo."
099002682000,Sliced Mushrooms,Food / Consumables,SUP-14,False,2.79,12,24,EA,Peachtree Fresh,8 oz,"Peachtree Fresh Sliced Mushrooms, 8 oz. Fictional private-label item for the recall-matching demo."
099002789006,Cream Cheese,Food / Consumables,SUP-15,True,2.99,12,24,EA,Prairie Gold,8 oz,"Prairie Gold Cream Cheese, 8 oz. Fictional private-label item for the recall-matching demo."
099002896001,Cheddar Cheese,Food / Consumables,SUP-15,True,4.49,6,12,EA,Prairie Gold,8 oz,"Prairie Gold Cheddar Cheese, 8 oz. Fictional private-label item for the recall-matching demo."
099002903006,Shredded Cheese,Food / Consumables,SUP-15,True,3.99,6,12,EA,Prairie Gold,8 oz,"Prairie Gold Shredded Cheese, 8 oz. Fictional private-label item for the recall-matching demo."
099003010000,Greek Yogurt,Food / Consumables,SUP-15,False,1.29,12,24,EA,Prairie Gold,5.3 oz,"Prairie Gold Greek Yogurt, 5.3 oz. Fictional private-label item for the recall-matching demo."
099003117006,Whole Milk,Food / Consumables,SUP-15,True,3.79,6,12,EA,Prairie Gold,1 gal,"Prairie Gold Whole Milk, 1 gal. Fictional private-label item for the recall-matching demo."
099003224001,Large Eggs,Food / Consumables,SUP-15,True,3.49,6,12,EA,Prairie Gold,12 ct,"Prairie Gold Large Eggs, 12 ct. Fictional private-label item for the recall-matching demo."
099003331006,Salted Butter,Food / Consumables,SUP-15,False,4.29,6,12,EA,Prairie Gold,16 oz,"Prairie Gold Salted Butter, 16 oz. Fictional private-label item for the recall-matching demo."
099003438002,Vanilla Ice Cream,Food / Consumables,SUP-15,False,5.49,6,12,EA,Prairie Gold,48 oz,"Prairie Gold Vanilla Ice Cream, 48 oz. Fictional private-label item for the recall-matching demo."
099003545007,Deli Turkey,Food / Consumables,SUP-17,True,6.99,6,12,EA,Cedar Kitchen,8 oz,"Cedar Kitchen Deli Turkey, 8 oz. Fictional private-label item for the recall-matching demo."
099003652002,Sliced Ham,Food / Consumables,SUP-17,True,5.99,6,12,EA,Cedar Kitchen,8 oz,"Cedar Kitchen Sliced Ham, 8 oz. Fictional private-label item for the recall-matching demo."
099003759008,Beef Hot Dogs,Food / Consumables,SUP-17,False,4.49,6,12,EA,Cedar Kitchen,14 oz,"Cedar Kitchen Beef Hot Dogs, 14 oz. Fictional private-label item for the recall-matching demo."
099003866003,Pork Sausage,Food / Consumables,SUP-17,False,4.99,6,12,EA,Cedar Kitchen,12 oz,"Cedar Kitchen Pork Sausage, 12 oz. Fictional private-label item for the recall-matching demo."
099003973008,Ground Beef,Food / Consumables,SUP-17,True,6.49,6,12,EA,Cedar Kitchen,1 lb,"Cedar Kitchen Ground Beef, 1 lb. Fictional private-label item for the recall-matching demo."
099004080002,Chicken Nuggets,Food / Consumables,SUP-17,False,7.49,6,12,EA,Cedar Kitchen,32 oz,"Cedar Kitchen Chicken Nuggets, 32 oz. Fictional private-label item for the recall-matching demo."
099004187008,Frozen Pizza,Food / Consumables,SUP-17,False,6.49,6,12,EA,Cedar Kitchen,22 oz,"Cedar Kitchen Frozen Pizza, 22 oz. Fictional private-label item for the recall-matching demo."
099004294003,Frozen Burritos,Food / Consumables,SUP-13,False,5.49,6,12,EA,Lone Star Pantry,8 ct,"Lone Star Pantry Frozen Burritos, 8 ct. Fictional private-label item for the recall-matching demo."
099004301008,Frozen Mixed Vegetables,Food / Consumables,SUP-13,False,1.99,12,24,EA,Lone Star Pantry,12 oz,"Lone Star Pantry Frozen Mixed Vegetables, 12 oz. Fictional private-label item for the recall-matching demo."
099004408004,Smoked Salmon,Food / Consumables,SUP-17,True,8.99,6,12,EA,Cedar Kitchen,4 oz,"Cedar Kitchen Smoked Salmon, 4 oz. Fictional private-label item for the recall-matching demo."
099004515009,Tomato Soup,Food / Consumables,SUP-10,True,1.99,12,24,EA,Sunridge,14.5 oz,"Sunridge Tomato Soup, 14.5 oz. Fictional private-label item for the recall-matching demo."
099004622004,Chicken Noodle Soup,Food / Consumables,SUP-10,False,2.19,12,24,EA,Sunridge,14.5 oz,"Sunridge Chicken Noodle Soup, 14.5 oz. Fictional private-label item for the recall-matching demo."
099004729000,Lentil Soup,Food / Consumables,SUP-10,False,2.29,12,24,EA,Sunridge,14.5 oz,"Sunridge Lentil Soup, 14.5 oz. Fictional private-label item for the recall-matching demo."
099004836005,Soup Mix,Food / Consumables,SUP-10,False,3.49,6,12,EA,Sunridge,16 oz,"Sunridge Soup Mix, 16 oz. Fictional private-label item for the recall-matching demo."
099004943000,Tomato Bisque Soup Kit,Food / Consumables,SUP-10,True,6.99,6,12,EA,Sunridge,24 oz,"Sunridge Tomato Bisque Soup Kit, 24 oz. Fictional private-label item for the recall-matching demo."
099005050004,Marinara Sauce,Food / Consumables,SUP-10,False,2.99,12,24,EA,Sunridge,24 oz,"Sunridge Marinara Sauce, 24 oz. Fictional private-label item for the recall-matching demo."
099005157000,Alfredo Sauce,Food / Consumables,SUP-10,False,3.29,6,12,EA,Sunridge,15 oz,"Sunridge Alfredo Sauce, 15 oz. Fictional private-label item for the recall-matching demo."
099005264005,Taco Sauce,Food / Consumables,SUP-13,False,1.99,12,24,EA,Lone Star Pantry,8 oz,"Lone Star Pantry Taco Sauce, 8 oz. Fictional private-label item for the recall-matching demo."
099005371000,Hot Sauce,Food / Consumables,SUP-13,False,2.49,12,24,EA,Lone Star Pantry,5 oz,"Lone Star Pantry Hot Sauce, 5 oz. Fictional private-label item for the recall-matching demo."
099005478006,Salsa Verde,Food / Consumables,SUP-13,True,3.29,6,12,EA,Lone Star Pantry,16 oz,"Lone Star Pantry Salsa Verde, 16 oz. Fictional private-label item for the recall-matching demo."
099005585001,Canned Tuna,Food / Consumables,SUP-10,False,1.49,12,24,EA,Sunridge,5 oz,"Sunridge Canned Tuna, 5 oz. Fictional private-label item for the recall-matching demo."
099005692006,Canned Black Beans,Food / Consumables,SUP-10,False,1.19,12,24,EA,Sunridge,15 oz,"Sunridge Canned Black Beans, 15 oz. Fictional private-label item for the recall-matching demo."
099005799002,Canned Diced Tomatoes,Food / Consumables,SUP-10,False,1.29,12,24,EA,Sunridge,14.5 oz,"Sunridge Canned Diced Tomatoes, 14.5 oz. Fictional private-label item for the recall-matching demo."
099005806007,Chicken Broth,Food / Consumables,SUP-10,False,2.29,12,24,EA,Sunridge,32 oz,"Sunridge Chicken Broth, 32 oz. Fictional private-label item for the recall-matching demo."
099005913002,Chicken Bouillon,Food / Consumables,SUP-10,False,3.49,6,12,EA,Sunridge,8 oz,"Sunridge Chicken Bouillon, 8 oz. Fictional private-label item for the recall-matching demo."
099006020006,Seasoning Packets,Food / Consumables,SUP-13,False,1.29,12,24,EA,Lone Star Pantry,1 oz,"Lone Star Pantry Seasoning Packets, 1 oz. Fictional private-label item for the recall-matching demo."
099006127002,Soy Sauce,Food / Consumables,SUP-10,False,2.99,12,24,EA,Sunridge,10 oz,"Sunridge Soy Sauce, 10 oz. Fictional private-label item for the recall-matching demo."
099006234007,Soybean Oil,Food / Consumables,SUP-16,False,4.99,6,12,EA,Golden Grain,48 oz,"Golden Grain Soybean Oil, 48 oz. Fictional private-label item for the recall-matching demo."
099006341002,Olive Oil,Food / Consumables,SUP-16,False,8.99,6,12,EA,Golden Grain,17 oz,"Golden Grain Olive Oil, 17 oz. Fictional private-label item for the recall-matching demo."
099006448008,Long Grain Rice,Food / Consumables,SUP-16,False,3.49,6,12,EA,Golden Grain,2 lb,"Golden Grain Long Grain Rice, 2 lb. Fictional private-label item for the recall-matching demo."
099006555003,Spaghetti Pasta,Food / Consumables,SUP-16,False,1.49,12,24,EA,Golden Grain,16 oz,"Golden Grain Spaghetti Pasta, 16 oz. Fictional private-label item for the recall-matching demo."
099006662008,Macaroni and Cheese,Food / Consumables,SUP-16,False,1.19,12,24,EA,Golden Grain,7.25 oz,"Golden Grain Macaroni and Cheese, 7.25 oz. Fictional private-label item for the recall-matching demo."
099006769004,Pancake Mix,Food / Consumables,SUP-16,False,3.29,6,12,EA,Golden Grain,32 oz,"Golden Grain Pancake Mix, 32 oz. Fictional private-label item for the recall-matching demo."
099006876009,All Purpose Flour,Food / Consumables,SUP-16,False,3.49,6,12,EA,Golden Grain,5 lb,"Golden Grain All Purpose Flour, 5 lb. Fictional private-label item for the recall-matching demo."
099006983004,Granulated Sugar,Food / Consumables,SUP-16,False,3.29,6,12,EA,Golden Grain,4 lb,"Golden Grain Granulated Sugar, 4 lb. Fictional private-label item for the recall-matching demo."
099007090008,Maple Syrup,Food / Consumables,SUP-11,False,7.99,6,12,EA,Harvest Hollow,12 oz,"Harvest Hollow Maple Syrup, 12 oz. Fictional private-label item for the recall-matching demo."
099007197004,Wildflower Honey,Food / Consumables,SUP-11,False,5.99,6,12,EA,Harvest Hollow,12 oz,"Harvest Hollow Wildflower Honey, 12 oz. Fictional private-label item for the recall-matching demo."
099007204009,Strawberry Jam,Food / Consumables,SUP-11,False,3.49,6,12,EA,Harvest Hollow,18 oz,"Harvest Hollow Strawberry Jam, 18 oz. Fictional private-label item for the recall-matching demo."
099007311004,Almond Butter,Food / Consumables,SUP-11,True,7.49,6,12,EA,Harvest Hollow,12 oz,"Harvest Hollow Almond Butter, 12 oz. Fictional private-label item for the recall-matching demo."
099007418000,Granola,Food / Consumables,SUP-16,True,4.99,6,12,EA,Golden Grain,12 oz,"Golden Grain Granola, 12 oz. Fictional private-label item for the recall-matching demo."
099007525005,Corn Flakes Cereal,Food / Consumables,SUP-16,False,3.79,6,12,EA,Golden Grain,18 oz,"Golden Grain Corn Flakes Cereal, 18 oz. Fictional private-label item for the recall-matching demo."
099007632000,Instant Oatmeal,Food / Consumables,SUP-16,False,3.29,6,12,EA,Golden Grain,10 ct,"Golden Grain Instant Oatmeal, 10 ct. Fictional private-label item for the recall-matching demo."
099007739006,Tortilla Chips,Food / Consumables,SUP-18,False,3.29,6,12,EA,Summit,13 oz,"Summit Tortilla Chips, 13 oz. Fictional private-label item for the recall-matching demo."
099007846001,Potato Chips,Food / Consumables,SUP-18,False,3.49,6,12,EA,Summit,8 oz,"Summit Potato Chips, 8 oz. Fictional private-label item for the recall-matching demo."
099007953006,Pretzels,Food / Consumables,SUP-18,False,2.79,12,24,EA,Summit,16 oz,"Summit Pretzels, 16 oz. Fictional private-label item for the recall-matching demo."
099008060000,Microwave Popcorn,Food / Consumables,SUP-18,False,3.29,6,12,EA,Summit,6 ct,"Summit Microwave Popcorn, 6 ct. Fictional private-label item for the recall-matching demo."
099008167006,Saltine Crackers,Food / Consumables,SUP-18,False,2.49,12,24,EA,Summit,16 oz,"Summit Saltine Crackers, 16 oz. Fictional private-label item for the recall-matching demo."
099008274001,Hard Candy,Food / Consumables,SUP-18,False,2.99,12,24,EA,Summit,7 oz,"Summit Hard Candy, 7 oz. Fictional private-label item for the recall-matching demo."
099008381006,Chocolate Bars,Food / Consumables,SUP-18,False,1.49,12,24,EA,Summit,1.5 oz,"Summit Chocolate Bars, 1.5 oz. Fictional private-label item for the recall-matching demo."
099008488002,Gummy Candy,Food / Consumables,SUP-18,False,2.49,12,24,EA,Summit,8 oz,"Summit Gummy Candy, 8 oz. Fictional private-label item for the recall-matching demo."
099008595007,Fruit Snacks,Food / Consumables,SUP-18,False,3.49,6,12,EA,Summit,10 ct,"Summit Fruit Snacks, 10 ct. Fictional private-label item for the recall-matching demo."
099008602002,Orange Juice,Food / Consumables,SUP-11,False,3.99,6,12,EA,Harvest Hollow,52 oz,"Harvest Hollow Orange Juice, 52 oz. Fictional private-label item for the recall-matching demo."
099008709008,Apple Juice,Food / Consumables,SUP-11,False,3.49,6,12,EA,Harvest Hollow,64 oz,"Harvest Hollow Apple Juice, 64 oz. Fictional private-label item for the recall-matching demo."
099008816003,Green Tea,Food / Consumables,SUP-11,False,3.29,6,12,EA,Harvest Hollow,20 ct,"Harvest Hollow Green Tea, 20 ct. Fictional private-label item for the recall-matching demo."
099008923008,Ground Coffee,Food / Consumables,SUP-11,False,7.99,6,12,EA,Harvest Hollow,12 oz,"Harvest Hollow Ground Coffee, 12 oz. Fictional private-label item for the recall-matching demo."
099009030002,Sports Drink,Food / Consumables,SUP-11,False,1.79,12,24,EA,Harvest Hollow,28 oz,"Harvest Hollow Sports Drink, 28 oz. Fictional private-label item for the recall-matching demo."
099009137008,Protein Powder,Food / Consumables,SUP-20,True,24.99,6,12,EA,Wellspring,2 lb,"Wellspring Protein Powder, 2 lb. Fictional private-label item for the recall-matching demo."
099009244003,Infant Cereal,Food / Consumables,SUP-20,True,3.99,6,12,EA,Wellspring,8 oz,"Wellspring Infant Cereal, 8 oz. Fictional private-label item for the recall-matching demo."
099009351008,Toddler Snacks,Food / Consumables,SUP-20,True,3.29,6,12,EA,Wellspring,1.5 oz,"Wellspring Toddler Snacks, 1.5 oz. Fictional private-label item for the recall-matching demo."
099009458004,Dish Soap,Household,SUP-19,False,2.99,12,24,EA,Bright Home,19 oz,"Bright Home Dish Soap, 19 oz. Fictional private-label item for the recall-matching demo."
099009565009,All Purpose Cleaner,Household,SUP-19,False,3.49,6,12,EA,Bright Home,32 oz,"Bright Home All Purpose Cleaner, 32 oz. Fictional private-label item for the recall-matching demo."
099009672004,Trash Bags,Household,SUP-19,False,8.99,6,12,EA,Bright Home,30 ct,"Bright Home Trash Bags, 30 ct. Fictional private-label item for the recall-matching demo."
099009779000,Food Storage Bags,Household,SUP-19,False,3.99,6,12,EA,Bright Home,40 ct,"Bright Home Food Storage Bags, 40 ct. Fictional private-label item for the recall-matching demo."
099009886005,Aluminum Foil,Household,SUP-19,False,4.49,6,12,EA,Bright Home,75 sq ft,"Bright Home Aluminum Foil, 75 sq ft. Fictional private-label item for the recall-matching demo."
099009993000,Paper Napkins,Household,SUP-19,False,2.99,12,24,EA,Bright Home,200 ct,"Bright Home Paper Napkins, 200 ct. Fictional private-label item for the recall-matching demo."
099010000001,Light Bulbs,Household,SUP-19,False,5.99,6,12,EA,Bright Home,4 ct,"Bright Home Light Bulbs, 4 ct. Fictional private-label item for the recall-matching demo."
099010107007,Food Coloring,Household,SUP-19,False,3.49,6,12,EA,Bright Home,1 oz,"Bright Home Food Coloring, 1 oz. Fictional private-label item for the recall-matching demo."
099010214002,Dishwasher Pods,Household,SUP-19,False,9.99,6,12,EA,Bright Home,40 ct,"Bright Home Dishwasher Pods, 40 ct. Fictional private-label item for the recall-matching demo."
099010321007,Mouthwash,Personal Care,SUP-20,False,4.99,6,12,EA,Wellspring,16 oz,"Wellspring Mouthwash, 16 oz. Fictional private-label item for the recall-matching demo."
099010428003,Deodorant,Personal Care,SUP-20,False,3.99,6,12,EA,Wellspring,2.6 oz,"Wellspring Deodorant, 2.6 oz. Fictional private-label item for the recall-matching demo."
099010535008,Body Lotion,Personal Care,SUP-20,False,5.49,6,12,EA,Wellspring,16 oz,"Wellspring Body Lotion, 16 oz. Fictional private-label item for the recall-matching demo."
099010642003,Sunscreen,Personal Care,SUP-20,True,8.99,6,12,EA,Wellspring,8 oz,"Wellspring Sunscreen, 8 oz. Fictional private-label item for the recall-matching demo."
099010749009,Adhesive Bandages,Personal Care,SUP-20,False,3.49,6,12,EA,Wellspring,50 ct,"Wellspring Adhesive Bandages, 50 ct. Fictional private-label item for the recall-matching demo."
099010856004,Pain Reliever,Personal Care,SUP-20,True,7.99,6,12,EA,Wellspring,100 ct,"Wellspring Pain Reliever, 100 ct. Fictional private-label item for the recall-matching demo."
099010963009,Cough Syrup,Personal Care,SUP-20,True,6.99,6,12,EA,Wellspring,8 oz,"Wellspring Cough Syrup, 8 oz. Fictional private-label item for the recall-matching demo."
099011070003,Multivitamins,Personal Care,SUP-20,True,9.99,6,12,EA,Wellspring,90 ct,"Wellspring Multivitamins, 90 ct. Fictional private-label item for the recall-matching demo."
099011177009,Dental Floss,Personal Care,SUP-20,False,2.49,12,24,EA,Wellspring,50 yd,"Wellspring Dental Floss, 50 yd. Fictional private-label item for the recall-matching demo."
099011284004,Bar Soap,Personal Care,SUP-20,False,3.29,6,12,EA,Wellspring,4 ct,"Wellspring Bar Soap, 4 ct. Fictional private-label item for the recall-matching demo."
