Store ID,UPC,Product,Lot ID,Units Sold,Period
101,072140010027,First Aid Kit,LOT-0027-A,71,Last 90 days
101,072140010027,First Aid Kit,LOT-0027-B,124,Last 90 days
101,051500255162,Peanut Butter,LOT-5162-A,89,Last 90 days
101,051500255162,Peanut Butter,LOT-5162-B,123,Last 90 days
101,016000275867,Granola Bars,LOT-5867-A,194,Last 90 days
101,016000275867,Granola Bars,LOT-5867-B,51,Last 90 days
101,051000012516,Canned Soup,LOT-2516-A,96,Last 90 days
101,051000012516,Canned Soup,LOT-2516-B,144,Last 90 days
101,073730002104,Bread,LOT-2104-A,131,Last 90 days
101,073730002104,Bread,LOT-2104-B,134,Last 90 days
101,300871231218,Baby Formula,LOT-1218-A,46,Last 90 days
101,300871231218,Baby Formula,LOT-1218-B,101,Last 90 days
101,301871220013,Hand Sanitizer,LOT-0013-A,42,Last 90 days
101,301871220013,Hand Sanitizer,LOT-0013-B,86,Last 90 days
101,081234567895,LPG Cylinder 20lb,LOT-7895-A,26,Last 90 days
101,081234567895,LPG Cylinder 20lb,LOT-7895-B,43,Last 90 days
102,072140010027,First Aid Kit,LOT-0027-A,68,Last 90 days
102,072140010027,First Aid Kit,LOT-0027-B,120,Last 90 days
102,051500255162,Peanut Butter,LOT-5162-A,165,Last 90 days
102,051500255162,Peanut Butter,LOT-5162-B,64,Last 90 days
102,016000275867,Granola Bars,LOT-5867-A,164,Last 90 days
102,016000275867,Granola Bars,LOT-5867-B,57,Last 90 days
102,051000012516,Canned Soup,LOT-2516-A,63,Last 90 days
102,051000012516,Canned Soup,LOT-2516-B,69,Last 90 days
102,073730002104,Bread,LOT-2104-A,81,Last 90 days
102,073730002104,Bread,LOT-2104-B,195,Last 90 days
102,300871231218,Baby Formula,LOT-1218-A,168,Last 90 days
102,300871231218,Baby Formula,LOT-1218-B,32,Last 90 days
102,301871220013,Hand Sanitizer,LOT-0013-A,193,Last 90 days
102,301871220013,Hand Sanitizer,LOT-0013-B,130,Last 90 days
102,081234567895,LPG Cylinder 20lb,LOT-7895-A,179,Last 90 days
102,081234567895,LPG Cylinder 20lb,LOT-7895-B,63,Last 90 days
103,072140010027,First Aid Kit,LOT-0027-A,42,Last 90 days
103,072140010027,First Aid Kit,LOT-0027-B,149,Last 90 days
103,051500255162,Peanut Butter,LOT-5162-A,44,Last 90 days
103,051500255162,Peanut Butter,LOT-5162-B,25,Last 90 days
103,016000275867,Granola Bars,LOT-5867-A,185,Last 90 days
103,016000275867,Granola Bars,LOT-5867-B,21,Last 90 days
103,051000012516,Canned Soup,LOT-2516-A,76,Last 90 days
103,051000012516,Canned Soup,LOT-2516-B,194,Last 90 days
103,073730002104,Bread,LOT-2104-A,97,Last 90 days
103,073730002104,Bread,LOT-2104-B,61,Last 90 days
103,300871231218,Baby Formula,LOT-1218-A,144,Last 90 days
103,300871231218,Baby Formula,LOT-1218-B,167,Last 90 days
103,301871220013,Hand Sanitizer,LOT-0013-A,125,Last 90 days
103,301871220013,Hand Sanitizer,LOT-0013-B,86,Last 90 days
103,081234567895,LPG Cylinder 20lb,LOT-7895-A,37,Last 90 days
103,081234567895,LPG Cylinder 20lb,LOT-7895-B,106,Last 90 days
104,072140010027,First Aid Kit,LOT-0027-A,168,Last 90 days
104,072140010027,First Aid Kit,LOT-0027-B,82,Last 90 days
104,051500255162,Peanut Butter,LOT-5162-A,119,Last 90 days
104,051500255162,Peanut Butter,LOT-5162-B,136,Last 90 days
104,016000275867,Granola Bars,LOT-5867-A,134,Last 90 days
104,016000275867,Granola Bars,LOT-5867-B,144,Last 90 days
104,051000012516,Canned Soup,LOT-2516-A,160,Last 90 days
104,051000012516,Canned Soup,LOT-2516-B,162,Last 90 days
104,073730002104,Bread,LOT-2104-A,152,Last 90 days
104,073730002104,Bread,LOT-2104-B,131,Last 90 days
104,300871231218,Baby Formula,LOT-1218-A,57,Last 90 days
104,300871231218,Baby Formula,LOT-1218-B,27,Last 90 days
104,301871220013,Hand Sanitizer,LOT-0013-A,91,Last 90 days
104,301871220013,Hand Sanitizer,LOT-0013-B,60,Last 90 days
104,081234567895,LPG Cylinder 20lb,LOT-7895-A,144,Last 90 days
104,081234567895,LPG Cylinder 20lb,LOT-7895-B,178,Last 90 days
105,072140010027,First Aid Kit,LOT-0027-A,104,Last 90 days
105,072140010027,First Aid Kit,LOT-0027-B,156,Last 90 days
105,051500255162,Peanut Butter,LOT-5162-A,144,Last 90 days
105,051500255162,Peanut Butter,LOT-5162-B,49,Last 90 days
105,016000275867,Granola Bars,LOT-5867-A,138,Last 90 days
105,016000275867,Granola Bars,LOT-5867-B,173,Last 90 days
105,051000012516,Canned Soup,LOT-2516-A,185,Last 90 days
105,051000012516,Canned Soup,LOT-2516-B,72,Last 90 days
105,073730002104,Bread,LOT-2104-A,170,Last 90 days
105,073730002104,Bread,LOT-2104-B,195,Last 90 days
105,300871231218,Baby Formula,LOT-1218-A,56,Last 90 days
105,300871231218,Baby Formula,LOT-1218-B,90,Last 90 days
105,301871220013,Hand Sanitizer,LOT-0013-A,59,Last 90 days
105,301871220013,Hand Sanitizer,LOT-0013-B,139,Last 90 days
105,081234567895,LPG Cylinder 20lb,LOT-7895-A,173,Last 90 days
105,081234567895,LPG Cylinder 20lb,LOT-7895-B,179,Last 90 days
106,072140010027,First Aid Kit,LOT-0027-A,27,Last 90 days
106,072140010027,First Aid Kit,LOT-0027-B,23,Last 90 days
106,051500255162,Peanut Butter,LOT-5162-A,109,Last 90 days
106,051500255162,Peanut Butter,LOT-5162-B,161,Last 90 days
106,016000275867,Granola Bars,LOT-5867-A,39,Last 90 days
106,016000275867,Granola Bars,LOT-5867-B,60,Last 90 days
106,051000012516,Canned Soup,LOT-2516-A,44,Last 90 days
106,051000012516,Canned Soup,LOT-2516-B,70,Last 90 days
106,073730002104,Bread,LOT-2104-A,125,Last 90 days
106,073730002104,Bread,LOT-2104-B,152,Last 90 days
106,300871231218,Baby Formula,LOT-1218-A,65,Last 90 days
106,300871231218,Baby Formula,LOT-1218-B,107,Last 90 days
106,301871220013,Hand Sanitizer,LOT-0013-A,118,Last 90 days
106,301871220013,Hand Sanitizer,LOT-0013-B,88,Last 90 days
106,081234567895,LPG Cylinder 20lb,LOT-7895-A,83,Last 90 days
106,081234567895,LPG Cylinder 20lb,LOT-7895-B,25,Last 90 days
107,072140010027,First Aid Kit,LOT-0027-A,22,Last 90 days
107,072140010027,First Aid Kit,LOT-0027-B,190,Last 90 days
107,051500255162,Peanut Butter,LOT-5162-A,185,Last 90 days
107,051500255162,Peanut Butter,LOT-5162-B,24,Last 90 days
107,016000275867,Granola Bars,LOT-5867-A,191,Last 90 days
107,016000275867,Granola Bars,LOT-5867-B,38,Last 90 days
107,051000012516,Canned Soup,LOT-2516-A,54,Last 90 days
107,051000012516,Canned Soup,LOT-2516-B,45,Last 90 days
107,073730002104,Bread,LOT-2104-A,27,Last 90 days
107,073730002104,Bread,LOT-2104-B,64,Last 90 days
107,300871231218,Baby Formula,LOT-1218-A,55,Last 90 days
107,300871231218,Baby Formula,LOT-1218-B,20,Last 90 days
107,301871220013,Hand Sanitizer,LOT-0013-A,169,Last 90 days
107,301871220013,Hand Sanitizer,LOT-0013-B,54,Last 90 days
107,081234567895,LPG Cylinder 20lb,LOT-7895-A,95,Last 90 days
107,081234567895,LPG Cylinder 20lb,LOT-7895-B,69,Last 90 days
108,072140010027,First Aid Kit,LOT-0027-A,58,Last 90 days
108,072140010027,First Aid Kit,LOT-0027-B,190,Last 90 days
108,051500255162,Peanut Butter,LOT-5162-A,65,Last 90 days
108,051500255162,Peanut Butter,LOT-5162-B,63,Last 90 days
108,016000275867,Granola Bars,LOT-5867-A,23,Last 90 days
108,016000275867,Granola Bars,LOT-5867-B,115,Last 90 days
108,051000012516,Canned Soup,LOT-2516-A,47,Last 90 days
108,051000012516,Canned Soup,LOT-2516-B,128,Last 90 days
108,073730002104,Bread,LOT-2104-A,132,Last 90 days
108,073730002104,Bread,LOT-2104-B,191,Last 90 days
108,300871231218,Baby Formula,LOT-1218-A,80,Last 90 days
108,300871231218,Baby Formula,LOT-1218-B,128,Last 90 days
108,301871220013,Hand Sanitizer,LOT-0013-A,39,Last 90 days
108,301871220013,Hand Sanitizer,LOT-0013-B,60,Last 90 days
108,081234567895,LPG Cylinder 20lb,LOT-7895-A,112,Last 90 days
108,081234567895,LPG Cylinder 20lb,LOT-7895-B,142,Last 90 days
201,072140010027,First Aid Kit,LOT-0027-A,104,Last 90 days
201,072140010027,First Aid Kit,LOT-0027-B,58,Last 90 days
201,051500255162,Peanut Butter,LOT-5162-A,112,Last 90 days
201,051500255162,Peanut Butter,LOT-5162-B,73,Last 90 days
201,016000275867,Granola Bars,LOT-5867-A,51,Last 90 days
201,016000275867,Granola Bars,LOT-5867-B,102,Last 90 days
201,051000012516,Canned Soup,LOT-2516-A,133,Last 90 days
201,051000012516,Canned Soup,LOT-2516-B,146,Last 90 days
201,073730002104,Bread,LOT-2104-A,92,Last 90 days
201,073730002104,Bread,LOT-2104-B,174,Last 90 days
201,300871231218,Baby Formula,LOT-1218-A,39,Last 90 days
201,300871231218,Baby Formula,LOT-1218-B,148,Last 90 days
201,301871220013,Hand Sanitizer,LOT-0013-A,175,Last 90 days
201,301871220013,Hand Sanitizer,LOT-0013-B,97,Last 90 days
201,081234567895,LPG Cylinder 20lb,LOT-7895-A,190,Last 90 days
201,081234567895,LPG Cylinder 20lb,LOT-7895-B,194,Last 90 days
202,072140010027,First Aid Kit,LOT-0027-A,32,Last 90 days
202,072140010027,First Aid Kit,LOT-0027-B,54,Last 90 days
202,051500255162,Peanut Butter,LOT-5162-A,154,Last 90 days
202,051500255162,Peanut Butter,LOT-5162-B,82,Last 90 days
202,016000275867,Granola Bars,LOT-5867-A,47,Last 90 days
202,016000275867,Granola Bars,LOT-5867-B,40,Last 90 days
202,051000012516,Canned Soup,LOT-2516-A,135,Last 90 days
202,051000012516,Canned Soup,LOT-2516-B,92,Last 90 days
202,073730002104,Bread,LOT-2104-A,177,Last 90 days
202,073730002104,Bread,LOT-2104-B,58,Last 90 days
202,300871231218,Baby Formula,LOT-1218-A,39,Last 90 days
202,300871231218,Baby Formula,LOT-1218-B,181,Last 90 days
202,301871220013,Hand Sanitizer,LOT-0013-A,50,Last 90 days
202,301871220013,Hand Sanitizer,LOT-0013-B,71,Last 90 days
202,081234567895,LPG Cylinder 20lb,LOT-7895-A,23,Last 90 days
202,081234567895,LPG Cylinder 20lb,LOT-7895-B,84,Last 90 days
203,072140010027,First Aid Kit,LOT-0027-A,45,Last 90 days
203,072140010027,First Aid Kit,LOT-0027-B,127,Last 90 days
203,051500255162,Peanut Butter,LOT-5162-A,174,Last 90 days
203,051500255162,Peanut Butter,LOT-5162-B,62,Last 90 days
203,016000275867,Granola Bars,LOT-5867-A,48,Last 90 days
203,016000275867,Granola Bars,LOT-5867-B,100,Last 90 days
203,051000012516,Canned Soup,LOT-2516-A,96,Last 90 days
203,051000012516,Canned Soup,LOT-2516-B,129,Last 90 days
203,073730002104,Bread,LOT-2104-A,100,Last 90 days
203,073730002104,Bread,LOT-2104-B,127,Last 90 days
203,300871231218,Baby Formula,LOT-1218-A,20,Last 90 days
203,300871231218,Baby Formula,LOT-1218-B,27,Last 90 days
203,301871220013,Hand Sanitizer,LOT-0013-A,67,Last 90 days
203,301871220013,Hand Sanitizer,LOT-0013-B,47,Last 90 days
203,081234567895,LPG Cylinder 20lb,LOT-7895-A,138,Last 90 days
203,081234567895,LPG Cylinder 20lb,LOT-7895-B,175,Last 90 days
204,072140010027,First Aid Kit,LOT-0027-A,37,Last 90 days
204,072140010027,First Aid Kit,LOT-0027-B,174,Last 90 days
204,051500255162,Peanut Butter,LOT-5162-A,83,Last 90 days
204,051500255162,Peanut Butter,LOT-5162-B,139,Last 90 days
204,016000275867,Granola Bars,LOT-5867-A,86,Last 90 days
204,016000275867,Granola Bars,LOT-5867-B,79,Last 90 days
204,051000012516,Canned Soup,LOT-2516-A,62,Last 90 days
204,051000012516,Canned Soup,LOT-2516-B,96,Last 90 days
204,073730002104,Bread,LOT-2104-A,131,Last 90 days
204,073730002104,Bread,LOT-2104-B,170,Last 90 days
204,300871231218,Baby Formula,LOT-1218-A,69,Last 90 days
204,300871231218,Baby Formula,LOT-1218-B,59,Last 90 days
204,301871220013,Hand Sanitizer,LOT-0013-A,139,Last 90 days
204,301871220013,Hand Sanitizer,LOT-0013-B,175,Last 90 days
204,081234567895,LPG Cylinder 20lb,LOT-7895-A,143,Last 90 days
204,081234567895,LPG Cylinder 20lb,LOT-7895-B,133,Last 90 days
205,072140010027,First Aid Kit,LOT-0027-A,177,Last 90 days
205,072140010027,First Aid Kit,LOT-0027-B,182,Last 90 days
205,051500255162,Peanut Butter,LOT-5162-A,88,Last 90 days
205,051500255162,Peanut Butter,LOT-5162-B,184,Last 90 days
205,016000275867,Granola Bars,LOT-5867-A,58,Last 90 days
205,016000275867,Granola Bars,LOT-5867-B,196,Last 90 days
205,051000012516,Canned Soup,LOT-2516-A,68,Last 90 days
205,051000012516,Canned Soup,LOT-2516-B,64,Last 90 days
205,073730002104,Bread,LOT-2104-A,49,Last 90 days
205,073730002104,Bread,LOT-2104-B,25,Last 90 days
205,300871231218,Baby Formula,LOT-1218-A,22,Last 90 days
205,300871231218,Baby Formula,LOT-1218-B,104,Last 90 days
205,301871220013,Hand Sanitizer,LOT-0013-A,146,Last 90 days
205,301871220013,Hand Sanitizer,LOT-0013-B,148,Last 90 days
205,081234567895,LPG Cylinder 20lb,LOT-7895-A,171,Last 90 days
205,081234567895,LPG Cylinder 20lb,LOT-7895-B,187,Last 90 days
206,072140010027,First Aid Kit,LOT-0027-A,24,Last 90 days
206,072140010027,First Aid Kit,LOT-0027-B,66,Last 90 days
206,051500255162,Peanut Butter,LOT-5162-A,65,Last 90 days
206,051500255162,Peanut Butter,LOT-5162-B,31,Last 90 days
206,016000275867,Granola Bars,LOT-5867-A,197,Last 90 days
206,016000275867,Granola Bars,LOT-5867-B,134,Last 90 days
206,051000012516,Canned Soup,LOT-2516-A,163,Last 90 days
206,051000012516,Canned Soup,LOT-2516-B,187,Last 90 days
206,073730002104,Bread,LOT-2104-A,66,Last 90 days
206,073730002104,Bread,LOT-2104-B,198,Last 90 days
206,300871231218,Baby Formula,LOT-1218-A,131,Last 90 days
206,300871231218,Baby Formula,LOT-1218-B,73,Last 90 days
206,301871220013,Hand Sanitizer,LOT-0013-A,84,Last 90 days
206,301871220013,Hand Sanitizer,LOT-0013-B,116,Last 90 days
206,081234567895,LPG Cylinder 20lb,LOT-7895-A,185,Last 90 days
206,081234567895,LPG Cylinder 20lb,LOT-7895-B,195,Last 90 days
207,072140010027,First Aid Kit,LOT-0027-A,182,Last 90 days
207,072140010027,First Aid Kit,LOT-0027-B,32,Last 90 days
207,051500255162,Peanut Butter,LOT-5162-A,70,Last 90 days
207,051500255162,Peanut Butter,LOT-5162-B,47,Last 90 days
207,016000275867,Granola Bars,LOT-5867-A,150,Last 90 days
207,016000275867,Granola Bars,LOT-5867-B,55,Last 90 days
207,051000012516,Canned Soup,LOT-2516-A,69,Last 90 days
207,051000012516,Canned Soup,LOT-2516-B,197,Last 90 days
207,073730002104,Bread,LOT-2104-A,65,Last 90 days
207,073730002104,Bread,LOT-2104-B,112,Last 90 days
207,300871231218,Baby Formula,LOT-1218-A,147,Last 90 days
207,300871231218,Baby Formula,LOT-1218-B,102,Last 90 days
207,301871220013,Hand Sanitizer,LOT-0013-A,88,Last 90 days
207,301871220013,Hand Sanitizer,LOT-0013-B,197,Last 90 days
207,081234567895,LPG Cylinder 20lb,LOT-7895-A,29,Last 90 days
207,081234567895,LPG Cylinder 20lb,LOT-7895-B,101,Last 90 days
208,072140010027,First Aid Kit,LOT-0027-A,79,Last 90 days
208,072140010027,First Aid Kit,LOT-0027-B,41,Last 90 days
208,051500255162,Peanut Butter,LOT-5162-A,104,Last 90 days
208,051500255162,Peanut Butter,LOT-5162-B,120,Last 90 days
208,016000275867,Granola Bars,LOT-5867-A,152,Last 90 days
208,016000275867,Granola Bars,LOT-5867-B,84,Last 90 days
208,051000012516,Canned Soup,LOT-2516-A,126,Last 90 days
208,051000012516,Canned Soup,LOT-2516-B,43,Last 90 days
208,073730002104,Bread,LOT-2104-A,133,Last 90 days
208,073730002104,Bread,LOT-2104-B,198,Last 90 days
208,300871231218,Baby Formula,LOT-1218-A,158,Last 90 days
208,300871231218,Baby Formula,LOT-1218-B,128,Last 90 days
208,301871220013,Hand Sanitizer,LOT-0013-A,56,Last 90 days
208,301871220013,Hand Sanitizer,LOT-0013-B,153,Last 90 days
208,081234567895,LPG Cylinder 20lb,LOT-7895-A,36,Last 90 days
208,081234567895,LPG Cylinder 20lb,LOT-7895-B,53,Last 90 days
102,099000107000,Italian Bread,LOT-0700-A,70,Last 90 days
102,099000107000,Italian Bread,LOT-0700-B,64,Last 90 days
103,099000107000,Italian Bread,LOT-0700-A,35,Last 90 days
103,099000107000,Italian Bread,LOT-0700-B,22,Last 90 days
104,099000107000,Italian Bread,LOT-0700-A,98,Last 90 days
104,099000107000,Italian Bread,LOT-0700-B,39,Last 90 days
107,099000107000,Italian Bread,LOT-0700-A,123,Last 90 days
107,099000107000,Italian Bread,LOT-0700-B,20,Last 90 days
201,099000107000,Italian Bread,LOT-0700-A,131,Last 90 days
201,099000107000,Italian Bread,LOT-0700-B,117,Last 90 days
202,099000107000,Italian Bread,LOT-0700-A,62,Last 90 days
202,099000107000,Italian Bread,LOT-0700-B,125,Last 90 days
204,099000107000,Italian Bread,LOT-0700-A,67,Last 90 days
204,099000107000,Italian Bread,LOT-0700-B,109,Last 90 days
205,099000107000,Italian Bread,LOT-0700-A,95,Last 90 days
205,099000107000,Italian Bread,LOT-0700-B,127,Last 90 days
206,099000107000,Italian Bread,LOT-0700-A,15,Last 90 days
206,099000107000,Italian Bread,LOT-0700-B,93,Last 90 days
207,099000107000,Italian Bread,LOT-0700-A,39,Last 90 days
207,099000107000,Italian Bread,LOT-0700-B,98,Last 90 days
101,099000214005,French Bread,LOT-1400-A,131,Last 90 days
101,099000214005,French Bread,LOT-1400-B,39,Last 90 days
102,099000214005,French Bread,LOT-1400-A,107,Last 90 days
102,099000214005,French Bread,LOT-1400-B,17,Last 90 days
103,099000214005,French Bread,LOT-1400-A,26,Last 90 days
103,099000214005,French Bread,LOT-1400-B,58,Last 90 days
104,099000214005,French Bread,LOT-1400-A,129,Last 90 days
104,099000214005,French Bread,LOT-1400-B,71,Last 90 days
105,099000214005,French Bread,LOT-1400-A,24,Last 90 days
105,099000214005,French Bread,LOT-1400-B,63,Last 90 days
107,099000214005,French Bread,LOT-1400-A,53,Last 90 days
107,099000214005,French Bread,LOT-1400-B,129,Last 90 days
108,099000214005,French Bread,LOT-1400-A,106,Last 90 days
108,099000214005,French Bread,LOT-1400-B,19,Last 90 days
201,099000214005,French Bread,LOT-1400-A,25,Last 90 days
201,099000214005,French Bread,LOT-1400-B,94,Last 90 days
202,099000214005,French Bread,LOT-1400-A,109,Last 90 days
202,099000214005,French Bread,LOT-1400-B,55,Last 90 days
204,099000214005,French Bread,LOT-1400-A,22,Last 90 days
204,099000214005,French Bread,LOT-1400-B,95,Last 90 days
206,099000214005,French Bread,LOT-1400-A,32,Last 90 days
206,099000214005,French Bread,LOT-1400-B,95,Last 90 days
207,099000214005,French Bread,LOT-1400-A,21,Last 90 days
207,099000214005,French Bread,LOT-1400-B,26,Last 90 days
102,099000321000,Sourdough Bread,LOT-2100-A,110,Last 90 days
102,099000321000,Sourdough Bread,LOT-2100-B,36,Last 90 days
103,099000321000,Sourdough Bread,LOT-2100-A,117,Last 90 days
103,099000321000,Sourdough Bread,LOT-2100-B,125,Last 90 days
104,099000321000,Sourdough Bread,LOT-2100-A,132,Last 90 days
104,099000321000,Sourdough Bread,LOT-2100-B,123,Last 90 days
105,099000321000,Sourdough Bread,LOT-2100-A,59,Last 90 days
105,099000321000,Sourdough Bread,LOT-2100-B,123,Last 90 days
106,099000321000,Sourdough Bread,LOT-2100-A,34,Last 90 days
106,099000321000,Sourdough Bread,LOT-2100-B,22,Last 90 days
108,099000321000,Sourdough Bread,LOT-2100-A,29,Last 90 days
108,099000321000,Sourdough Bread,LOT-2100-B,95,Last 90 days
201,099000321000,Sourdough Bread,LOT-2100-A,67,Last 90 days
201,099000321000,Sourdough Bread,LOT-2100-B,30,Last 90 days
202,099000321000,Sourdough Bread,LOT-2100-A,53,Last 90 days
202,099000321000,Sourdough Bread,LOT-2100-B,109,Last 90 days
205,099000321000,Sourdough Bread,LOT-2100-A,95,Last 90 days
205,099000321000,Sourdough Bread,LOT-2100-B,134,Last 90 days
206,099000321000,Sourdough Bread,LOT-2100-A,98,Last 90 days
206,099000321000,Sourdough Bread,LOT-2100-B,30,Last 90 days
207,099000321000,Sourdough Bread,LOT-2100-A,61,Last 90 days
207,099000321000,Sourdough Bread,LOT-2100-B,102,Last 90 days
208,099000321000,Sourdough Bread,LOT-2100-A,76,Last 90 days
208,099000321000,Sourdough Bread,LOT-2100-B,131,Last 90 days
101,099000535001,Sandwich Bread,LOT-3500-A,68,Last 90 days
101,099000535001,Sandwich Bread,LOT-3500-B,115,Last 90 days
103,099000535001,Sandwich Bread,LOT-3500-A,17,Last 90 days
103,099000535001,Sandwich Bread,LOT-3500-B,88,Last 90 days
104,099000535001,Sandwich Bread,LOT-3500-A,96,Last 90 days
104,099000535001,Sandwich Bread,LOT-3500-B,100,Last 90 days
105,099000535001,Sandwich Bread,LOT-3500-A,18,Last 90 days
105,099000535001,Sandwich Bread,LOT-3500-B,92,Last 90 days
106,099000535001,Sandwich Bread,LOT-3500-A,89,Last 90 days
106,099000535001,Sandwich Bread,LOT-3500-B,53,Last 90 days
107,099000535001,Sandwich Bread,LOT-3500-A,59,Last 90 days
107,099000535001,Sandwich Bread,LOT-3500-B,28,Last 90 days
108,099000535001,Sandwich Bread,LOT-3500-A,21,Last 90 days
108,099000535001,Sandwich Bread,LOT-3500-B,100,Last 90 days
201,099000535001,Sandwich Bread,LOT-3500-A,29,Last 90 days
201,099000535001,Sandwich Bread,LOT-3500-B,126,Last 90 days
203,099000535001,Sandwich Bread,LOT-3500-A,30,Last 90 days
203,099000535001,Sandwich Bread,LOT-3500-B,127,Last 90 days
204,099000535001,Sandwich Bread,LOT-3500-A,19,Last 90 days
204,099000535001,Sandwich Bread,LOT-3500-B,78,Last 90 days
207,099000535001,Sandwich Bread,LOT-3500-A,39,Last 90 days
207,099000535001,Sandwich Bread,LOT-3500-B,66,Last 90 days
208,099000535001,Sandwich Bread,LOT-3500-A,43,Last 90 days
208,099000535001,Sandwich Bread,LOT-3500-B,110,Last 90 days
102,099000642006,Bread Pudding,LOT-4200-A,108,Last 90 days
102,099000642006,Bread Pudding,LOT-4200-B,90,Last 90 days
103,099000642006,Bread Pudding,LOT-4200-A,65,Last 90 days
103,099000642006,Bread Pudding,LOT-4200-B,32,Last 90 days
104,099000642006,Bread Pudding,LOT-4200-A,120,Last 90 days
104,099000642006,Bread Pudding,LOT-4200-B,111,Last 90 days
105,099000642006,Bread Pudding,LOT-4200-A,84,Last 90 days
105,099000642006,Bread Pudding,LOT-4200-B,75,Last 90 days
107,099000642006,Bread Pudding,LOT-4200-A,46,Last 90 days
107,099000642006,Bread Pudding,LOT-4200-B,86,Last 90 days
108,099000642006,Bread Pudding,LOT-4200-A,124,Last 90 days
108,099000642006,Bread Pudding,LOT-4200-B,52,Last 90 days
202,099000642006,Bread Pudding,LOT-4200-A,96,Last 90 days
202,099000642006,Bread Pudding,LOT-4200-B,101,Last 90 days
203,099000642006,Bread Pudding,LOT-4200-A,95,Last 90 days
203,099000642006,Bread Pudding,LOT-4200-B,97,Last 90 days
204,099000642006,Bread Pudding,LOT-4200-A,51,Last 90 days
204,099000642006,Bread Pudding,LOT-4200-B,21,Last 90 days
205,099000642006,Bread Pudding,LOT-4200-A,111,Last 90 days
205,099000642006,Bread Pudding,LOT-4200-B,82,Last 90 days
206,099000642006,Bread Pudding,LOT-4200-A,113,Last 90 days
206,099000642006,Bread Pudding,LOT-4200-B,112,Last 90 days
207,099000642006,Bread Pudding,LOT-4200-A,38,Last 90 days
207,099000642006,Bread Pudding,LOT-4200-B,44,Last 90 days
208,099000642006,Bread Pudding,LOT-4200-A,73,Last 90 days
208,099000642006,Bread Pudding,LOT-4200-B,130,Last 90 days
101,099000749002,Shortbread Cookies,LOT-4900-A,23,Last 90 days
101,099000749002,Shortbread Cookies,LOT-4900-B,117,Last 90 days
102,099000749002,Shortbread Cookies,LOT-4900-A,24,Last 90 days
102,099000749002,Shortbread Cookies,LOT-4900-B,48,Last 90 days
103,099000749002,Shortbread Cookies,LOT-4900-A,129,Last 90 days
103,099000749002,Shortbread Cookies,LOT-4900-B,85,Last 90 days
104,099000749002,Shortbread Cookies,LOT-4900-A,115,Last 90 days
104,099000749002,Shortbread Cookies,LOT-4900-B,82,Last 90 days
105,099000749002,Shortbread Cookies,LOT-4900-A,108,Last 90 days
105,099000749002,Shortbread Cookies,LOT-4900-B,105,Last 90 days
106,099000749002,Shortbread Cookies,LOT-4900-A,47,Last 90 days
106,099000749002,Shortbread Cookies,LOT-4900-B,70,Last 90 days
107,099000749002,Shortbread Cookies,LOT-4900-A,17,Last 90 days
107,099000749002,Shortbread Cookies,LOT-4900-B,65,Last 90 days
108,099000749002,Shortbread Cookies,LOT-4900-A,35,Last 90 days
108,099000749002,Shortbread Cookies,LOT-4900-B,84,Last 90 days
202,099000749002,Shortbread Cookies,LOT-4900-A,30,Last 90 days
202,099000749002,Shortbread Cookies,LOT-4900-B,24,Last 90 days
205,099000749002,Shortbread Cookies,LOT-4900-A,46,Last 90 days
205,099000749002,Shortbread Cookies,LOT-4900-B,110,Last 90 days
206,099000749002,Shortbread Cookies,LOT-4900-A,69,Last 90 days
206,099000749002,Shortbread Cookies,LOT-4900-B,65,Last 90 days
207,099000749002,Shortbread Cookies,LOT-4900-A,110,Last 90 days
207,099000749002,Shortbread Cookies,LOT-4900-B,54,Last 90 days
102,099001391002,Fresh Salsa,LOT-9100-A,79,Last 90 days
102,099001391002,Fresh Salsa,LOT-9100-B,43,Last 90 days
103,099001391002,Fresh Salsa,LOT-9100-A,105,Last 90 days
103,099001391002,Fresh Salsa,LOT-9100-B,69,Last 90 days
104,099001391002,Fresh Salsa,LOT-9100-A,115,Last 90 days
104,099001391002,Fresh Salsa,LOT-9100-B,54,Last 90 days
105,099001391002,Fresh Salsa,LOT-9100-A,98,Last 90 days
105,099001391002,Fresh Salsa,LOT-9100-B,103,Last 90 days
107,099001391002,Fresh Salsa,LOT-9100-A,81,Last 90 days
107,099001391002,Fresh Salsa,LOT-9100-B,134,Last 90 days
108,099001391002,Fresh Salsa,LOT-9100-A,51,Last 90 days
108,099001391002,Fresh Salsa,LOT-9100-B,72,Last 90 days
206,099001391002,Fresh Salsa,LOT-9100-A,43,Last 90 days
206,099001391002,Fresh Salsa,LOT-9100-B,102,Last 90 days
208,099001391002,Fresh Salsa,LOT-9100-A,77,Last 90 days
208,099001391002,Fresh Salsa,LOT-9100-B,48,Last 90 days
102,099001498008,Pico de Gallo,LOT-9800-A,34,Last 90 days
102,099001498008,Pico de Gallo,LOT-9800-B,21,Last 90 days
103,099001498008,Pico de Gallo,LOT-9800-A,33,Last 90 days
103,099001498008,Pico de Gallo,LOT-9800-B,78,Last 90 days
104,099001498008,Pico de Gallo,LOT-9800-A,112,Last 90 days
104,099001498008,Pico de Gallo,LOT-9800-B,100,Last 90 days
105,099001498008,Pico de Gallo,LOT-9800-A,62,Last 90 days
105,099001498008,Pico de Gallo,LOT-9800-B,20,Last 90 days
107,099001498008,Pico de Gallo,LOT-9800-A,121,Last 90 days
107,099001498008,Pico de Gallo,LOT-9800-B,110,Last 90 days
108,099001498008,Pico de Gallo,LOT-9800-A,104,Last 90 days
108,099001498008,Pico de Gallo,LOT-9800-B,86,Last 90 days
202,099001498008,Pico de Gallo,LOT-9800-A,91,Last 90 days
202,099001498008,Pico de Gallo,LOT-9800-B,111,Last 90 days
204,099001498008,Pico de Gallo,LOT-9800-A,75,Last 90 days
204,099001498008,Pico de Gallo,LOT-9800-B,70,Last 90 days
207,099001498008,Pico de Gallo,LOT-9800-A,21,Last 90 days
207,099001498008,Pico de Gallo,LOT-9800-B,112,Last 90 days
208,099001498008,Pico de Gallo,LOT-9800-A,104,Last 90 days
208,099001498008,Pico de Gallo,LOT-9800-B,31,Last 90 days
101,099001505003,Guacamole,LOT-0500-A,92,Last 90 days
101,099001505003,Guacamole,LOT-0500-B,127,Last 90 days
102,099001505003,Guacamole,LOT-0500-A,82,Last 90 days
102,099001505003,Guacamole,LOT-0500-B,88,Last 90 days
103,099001505003,Guacamole,LOT-0500-A,63,Last 90 days
103,099001505003,Guacamole,LOT-0500-B,45,Last 90 days
104,099001505003,Guacamole,LOT-0500-A,56,Last 90 days
104,099001505003,Guacamole,LOT-0500-B,72,Last 90 days
105,099001505003,Guacamole,LOT-0500-A,106,Last 90 days
105,099001505003,Guacamole,LOT-0500-B,62,Last 90 days
106,099001505003,Guacamole,LOT-0500-A,67,Last 90 days
106,099001505003,Guacamole,LOT-0500-B,134,Last 90 days
107,099001505003,Guacamole,LOT-0500-A,26,Last 90 days
107,099001505003,Guacamole,LOT-0500-B,104,Last 90 days
108,099001505003,Guacamole,LOT-0500-A,129,Last 90 days
108,099001505003,Guacamole,LOT-0500-B,129,Last 90 days
201,099001505003,Guacamole,LOT-0500-A,96,Last 90 days
201,099001505003,Guacamole,LOT-0500-B,73,Last 90 days
202,099001505003,Guacamole,LOT-0500-A,75,Last 90 days
202,099001505003,Guacamole,LOT-0500-B,18,Last 90 days
203,099001505003,Guacamole,LOT-0500-A,59,Last 90 days
203,099001505003,Guacamole,LOT-0500-B,31,Last 90 days
204,099001505003,Guacamole,LOT-0500-A,43,Last 90 days
204,099001505003,Guacamole,LOT-0500-B,133,Last 90 days
205,099001505003,Guacamole,LOT-0500-A,118,Last 90 days
205,099001505003,Guacamole,LOT-0500-B,73,Last 90 days
206,099001505003,Guacamole,LOT-0500-A,18,Last 90 days
206,099001505003,Guacamole,LOT-0500-B,106,Last 90 days
207,099001505003,Guacamole,LOT-0500-A,76,Last 90 days
207,099001505003,Guacamole,LOT-0500-B,96,Last 90 days
208,099001505003,Guacamole,LOT-0500-A,94,Last 90 days
208,099001505003,Guacamole,LOT-0500-B,32,Last 90 days
101,099001719004,Salad Kit,LOT-1900-A,112,Last 90 days
101,099001719004,Salad Kit,LOT-1900-B,117,Last 90 days
102,099001719004,Salad Kit,LOT-1900-A,35,Last 90 days
102,099001719004,Salad Kit,LOT-1900-B,75,Last 90 days
104,099001719004,Salad Kit,LOT-1900-A,70,Last 90 days
104,099001719004,Salad Kit,LOT-1900-B,59,Last 90 days
105,099001719004,Salad Kit,LOT-1900-A,63,Last 90 days
105,099001719004,Salad Kit,LOT-1900-B,62,Last 90 days
108,099001719004,Salad Kit,LOT-1900-A,71,Last 90 days
108,099001719004,Salad Kit,LOT-1900-B,73,Last 90 days
201,099001719004,Salad Kit,LOT-1900-A,69,Last 90 days
201,099001719004,Salad Kit,LOT-1900-B,120,Last 90 days
202,099001719004,Salad Kit,LOT-1900-A,51,Last 90 days
202,099001719004,Salad Kit,LOT-1900-B,38,Last 90 days
203,099001719004,Salad Kit,LOT-1900-A,120,Last 90 days
203,099001719004,Salad Kit,LOT-1900-B,128,Last 90 days
204,099001719004,Salad Kit,LOT-1900-A,134,Last 90 days
204,099001719004,Salad Kit,LOT-1900-B,92,Last 90 days
205,099001719004,Salad Kit,LOT-1900-A,16,Last 90 days
205,099001719004,Salad Kit,LOT-1900-B,94,Last 90 days
206,099001719004,Salad Kit,LOT-1900-A,52,Last 90 days
206,099001719004,Salad Kit,LOT-1900-B,133,Last 90 days
207,099001719004,Salad Kit,LOT-1900-A,122,Last 90 days
207,099001719004,Salad Kit,LOT-1900-B,51,Last 90 days
101,099001826009,Spinach,LOT-2600-A,20,Last 90 days
101,099001826009,Spinach,LOT-2600-B,64,Last 90 days
102,099001826009,Spinach,LOT-2600-A,25,Last 90 days
102,099001826009,Spinach,LOT-2600-B,56,Last 90 days
103,099001826009,Spinach,LOT-2600-A,22,Last 90 days
103,099001826009,Spinach,LOT-2600-B,99,Last 90 days
104,099001826009,Spinach,LOT-2600-A,19,Last 90 days
104,099001826009,Spinach,LOT-2600-B,86,Last 90 days
105,099001826009,Spinach,LOT-2600-A,53,Last 90 days
105,099001826009,Spinach,LOT-2600-B,116,Last 90 days
107,099001826009,Spinach,LOT-2600-A,88,Last 90 days
107,099001826009,Spinach,LOT-2600-B,32,Last 90 days
108,099001826009,Spinach,LOT-2600-A,120,Last 90 days
108,099001826009,Spinach,LOT-2600-B,28,Last 90 days
201,099001826009,Spinach,LOT-2600-A,106,Last 90 days
201,099001826009,Spinach,LOT-2600-B,78,Last 90 days
202,099001826009,Spinach,LOT-2600-A,124,Last 90 days
202,099001826009,Spinach,LOT-2600-B,40,Last 90 days
203,099001826009,Spinach,LOT-2600-A,104,Last 90 days
203,099001826009,Spinach,LOT-2600-B,130,Last 90 days
205,099001826009,Spinach,LOT-2600-A,26,Last 90 days
205,099001826009,Spinach,LOT-2600-B,67,Last 90 days
206,099001826009,Spinach,LOT-2600-A,50,Last 90 days
206,099001826009,Spinach,LOT-2600-B,108,Last 90 days
101,099001933004,Romaine Lettuce,LOT-3300-A,43,Last 90 days
101,099001933004,Romaine Lettuce,LOT-3300-B,95,Last 90 days
102,099001933004,Romaine Lettuce,LOT-3300-A,57,Last 90 days
102,099001933004,Romaine Lettuce,LOT-3300-B,85,Last 90 days
105,099001933004,Romaine Lettuce,LOT-3300-A,63,Last 90 days
105,099001933004,Romaine Lettuce,LOT-3300-B,40,Last 90 days
106,099001933004,Romaine Lettuce,LOT-3300-A,30,Last 90 days
106,099001933004,Romaine Lettuce,LOT-3300-B,86,Last 90 days
107,099001933004,Romaine Lettuce,LOT-3300-A,21,Last 90 days
107,099001933004,Romaine Lettuce,LOT-3300-B,76,Last 90 days
201,099001933004,Romaine Lettuce,LOT-3300-A,30,Last 90 days
201,099001933004,Romaine Lettuce,LOT-3300-B,56,Last 90 days
203,099001933004,Romaine Lettuce,LOT-3300-A,58,Last 90 days
203,099001933004,Romaine Lettuce,LOT-3300-B,86,Last 90 days
205,099001933004,Romaine Lettuce,LOT-3300-A,131,Last 90 days
205,099001933004,Romaine Lettuce,LOT-3300-B,120,Last 90 days
206,099001933004,Romaine Lettuce,LOT-3300-A,38,Last 90 days
206,099001933004,Romaine Lettuce,LOT-3300-B,123,Last 90 days
207,099001933004,Romaine Lettuce,LOT-3300-A,85,Last 90 days
207,099001933004,Romaine Lettuce,LOT-3300-B,100,Last 90 days
208,099001933004,Romaine Lettuce,LOT-3300-A,21,Last 90 days
208,099001933004,Romaine Lettuce,LOT-3300-B,99,Last 90 days
101,099002147004,Cut Fruit Cup,LOT-4700-A,16,Last 90 days
101,099002147004,Cut Fruit Cup,LOT-4700-B,105,Last 90 days
102,099002147004,Cut Fruit Cup,LOT-4700-A,15,Last 90 days
102,099002147004,Cut Fruit Cup,LOT-4700-B,55,Last 90 days
103,099002147004,Cut Fruit Cup,LOT-4700-A,124,Last 90 days
103,099002147004,Cut Fruit Cup,LOT-4700-B,133,Last 90 days
104,099002147004,Cut Fruit Cup,LOT-4700-A,108,Last 90 days
104,099002147004,Cut Fruit Cup,LOT-4700-B,77,Last 90 days
105,099002147004,Cut Fruit Cup,LOT-4700-A,66,Last 90 days
105,099002147004,Cut Fruit Cup,LOT-4700-B,125,Last 90 days
106,099002147004,Cut Fruit Cup,LOT-4700-A,128,Last 90 days
106,099002147004,Cut Fruit Cup,LOT-4700-B,58,Last 90 days
201,099002147004,Cut Fruit Cup,LOT-4700-A,67,Last 90 days
201,099002147004,Cut Fruit Cup,LOT-4700-B,68,Last 90 days
203,099002147004,Cut Fruit Cup,LOT-4700-A,70,Last 90 days
203,099002147004,Cut Fruit Cup,LOT-4700-B,58,Last 90 days
205,099002147004,Cut Fruit Cup,LOT-4700-A,105,Last 90 days
205,099002147004,Cut Fruit Cup,LOT-4700-B,125,Last 90 days
206,099002147004,Cut Fruit Cup,LOT-4700-A,79,Last 90 days
206,099002147004,Cut Fruit Cup,LOT-4700-B,20,Last 90 days
207,099002147004,Cut Fruit Cup,LOT-4700-A,131,Last 90 days
207,099002147004,Cut Fruit Cup,LOT-4700-B,124,Last 90 days
208,099002147004,Cut Fruit Cup,LOT-4700-A,125,Last 90 days
208,099002147004,Cut Fruit Cup,LOT-4700-B,65,Last 90 days
101,099002789006,Cream Cheese,LOT-8900-A,115,Last 90 days
101,099002789006,Cream Cheese,LOT-8900-B,69,Last 90 days
102,099002789006,Cream Cheese,LOT-8900-A,117,Last 90 days
102,099002789006,Cream Cheese,LOT-8900-B,27,Last 90 days
103,099002789006,Cream Cheese,LOT-8900-A,133,Last 90 days
103,099002789006,Cream Cheese,LOT-8900-B,67,Last 90 days
104,099002789006,Cream Cheese,LOT-8900-A,73,Last 90 days
104,099002789006,Cream Cheese,LOT-8900-B,21,Last 90 days
106,099002789006,Cream Cheese,LOT-8900-A,64,Last 90 days
106,099002789006,Cream Cheese,LOT-8900-B,71,Last 90 days
108,099002789006,Cream Cheese,LOT-8900-A,78,Last 90 days
108,099002789006,Cream Cheese,LOT-8900-B,102,Last 90 days
201,099002789006,Cream Cheese,LOT-8900-A,78,Last 90 days
201,099002789006,Cream Cheese,LOT-8900-B,69,Last 90 days
202,099002789006,Cream Cheese,LOT-8900-A,111,Last 90 days
202,099002789006,Cream Cheese,LOT-8900-B,92,Last 90 days
203,099002789006,Cream Cheese,LOT-8900-A,58,Last 90 days
203,099002789006,Cream Cheese,LOT-8900-B,96,Last 90 days
204,099002789006,Cream Cheese,LOT-8900-A,28,Last 90 days
204,099002789006,Cream Cheese,LOT-8900-B,40,Last 90 days
206,099002789006,Cream Cheese,LOT-8900-A,92,Last 90 days
206,099002789006,Cream Cheese,LOT-8900-B,125,Last 90 days
207,099002789006,Cream Cheese,LOT-8900-A,69,Last 90 days
207,099002789006,Cream Cheese,LOT-8900-B,59,Last 90 days
208,099002789006,Cream Cheese,LOT-8900-A,85,Last 90 days
208,099002789006,Cream Cheese,LOT-8900-B,35,Last 90 days
101,099002896001,Cheddar Cheese,LOT-9600-A,17,Last 90 days
101,099002896001,Cheddar Cheese,LOT-9600-B,90,Last 90 days
102,099002896001,Cheddar Cheese,LOT-9600-A,49,Last 90 days
102,099002896001,Cheddar Cheese,LOT-9600-B,40,Last 90 days
104,099002896001,Cheddar Cheese,LOT-9600-A,66,Last 90 days
104,099002896001,Cheddar Cheese,LOT-9600-B,58,Last 90 days
105,099002896001,Cheddar Cheese,LOT-9600-A,90,Last 90 days
105,099002896001,Cheddar Cheese,LOT-9600-B,114,Last 90 days
106,099002896001,Cheddar Cheese,LOT-9600-A,102,Last 90 days
106,099002896001,Cheddar Cheese,LOT-9600-B,59,Last 90 days
107,099002896001,Cheddar Cheese,LOT-9600-A,26,Last 90 days
107,099002896001,Cheddar Cheese,LOT-9600-B,47,Last 90 days
108,099002896001,Cheddar Cheese,LOT-9600-A,108,Last 90 days
108,099002896001,Cheddar Cheese,LOT-9600-B,103,Last 90 days
201,099002896001,Cheddar Cheese,LOT-9600-A,85,Last 90 days
201,099002896001,Cheddar Cheese,LOT-9600-B,130,Last 90 days
202,099002896001,Cheddar Cheese,LOT-9600-A,81,Last 90 days
202,099002896001,Cheddar Cheese,LOT-9600-B,52,Last 90 days
205,099002896001,Cheddar Cheese,LOT-9600-A,37,Last 90 days
205,099002896001,Cheddar Cheese,LOT-9600-B,27,Last 90 days
206,099002896001,Cheddar Cheese,LOT-9600-A,66,Last 90 days
206,099002896001,Cheddar Cheese,LOT-9600-B,48,Last 90 days
207,099002896001,Cheddar Cheese,LOT-9600-A,81,Last 90 days
207,099002896001,Cheddar Cheese,LOT-9600-B,55,Last 90 days
208,099002896001,Cheddar Cheese,LOT-9600-A,50,Last 90 days
208,099002896001,Cheddar Cheese,LOT-9600-B,111,Last 90 days
101,099002903006,Shredded Cheese,LOT-0300-A,68,Last 90 days
101,099002903006,Shredded Cheese,LOT-0300-B,42,Last 90 days
102,099002903006,Shredded Cheese,LOT-0300-A,52,Last 90 days
102,099002903006,Shredded Cheese,LOT-0300-B,39,Last 90 days
103,099002903006,Shredded Cheese,LOT-0300-A,61,Last 90 days
103,099002903006,Shredded Cheese,LOT-0300-B,109,Last 90 days
104,099002903006,Shredded Cheese,LOT-0300-A,78,Last 90 days
104,099002903006,Shredded Cheese,LOT-0300-B,125,Last 90 days
105,099002903006,Shredded Cheese,LOT-0300-A,105,Last 90 days
105,099002903006,Shredded Cheese,LOT-0300-B,127,Last 90 days
106,099002903006,Shredded Cheese,LOT-0300-A,97,Last 90 days
106,099002903006,Shredded Cheese,LOT-0300-B,78,Last 90 days
107,099002903006,Shredded Cheese,LOT-0300-A,46,Last 90 days
107,099002903006,Shredded Cheese,LOT-0300-B,76,Last 90 days
108,099002903006,Shredded Cheese,LOT-0300-A,108,Last 90 days
108,099002903006,Shredded Cheese,LOT-0300-B,61,Last 90 days
201,099002903006,Shredded Cheese,LOT-0300-A,84,Last 90 days
201,099002903006,Shredded Cheese,LOT-0300-B,75,Last 90 days
202,099002903006,Shredded Cheese,LOT-0300-A,120,Last 90 days
202,099002903006,Shredded Cheese,LOT-0300-B,128,Last 90 days
203,099002903006,Shredded Cheese,LOT-0300-A,121,Last 90 days
203,099002903006,Shredded Cheese,LOT-0300-B,37,Last 90 days
204,099002903006,Shredded Cheese,LOT-0300-A,65,Last 90 days
204,099002903006,Shredded Cheese,LOT-0300-B,123,Last 90 days
205,099002903006,Shredded Cheese,LOT-0300-A,30,Last 90 days
205,099002903006,Shredded Cheese,LOT-0300-B,49,Last 90 days
101,099003117006,Whole Milk,LOT-1700-A,126,Last 90 days
101,099003117006,Whole Milk,LOT-1700-B,122,Last 90 days
102,099003117006,Whole Milk,LOT-1700-A,57,Last 90 days
102,099003117006,Whole Milk,LOT-1700-B,102,Last 90 days
104,099003117006,Whole Milk,LOT-1700-A,115,Last 90 days
104,099003117006,Whole Milk,LOT-1700-B,60,Last 90 days
105,099003117006,Whole Milk,LOT-1700-A,66,Last 90 days
105,099003117006,Whole Milk,LOT-1700-B,22,Last 90 days
106,099003117006,Whole Milk,LOT-1700-A,89,Last 90 days
106,099003117006,Whole Milk,LOT-1700-B,81,Last 90 days
107,099003117006,Whole Milk,LOT-1700-A,87,Last 90 days
107,099003117006,Whole Milk,LOT-1700-B,75,Last 90 days
108,099003117006,Whole Milk,LOT-1700-A,88,Last 90 days
108,099003117006,Whole Milk,LOT-1700-B,116,Last 90 days
201,099003117006,Whole Milk,LOT-1700-A,105,Last 90 days
201,099003117006,Whole Milk,LOT-1700-B,84,Last 90 days
202,099003117006,Whole Milk,LOT-1700-A,56,Last 90 days
202,099003117006,Whole Milk,LOT-1700-B,128,Last 90 days
203,099003117006,Whole Milk,LOT-1700-A,79,Last 90 days
203,099003117006,Whole Milk,LOT-1700-B,46,Last 90 days
206,099003117006,Whole Milk,LOT-1700-A,128,Last 90 days
206,099003117006,Whole Milk,LOT-1700-B,88,Last 90 days
207,099003117006,Whole Milk,LOT-1700-A,107,Last 90 days
207,099003117006,Whole Milk,LOT-1700-B,45,Last 90 days
208,099003117006,Whole Milk,LOT-1700-A,59,Last 90 days
208,099003117006,Whole Milk,LOT-1700-B,39,Last 90 days
101,099003224001,Large Eggs,LOT-2400-A,66,Last 90 days
101,099003224001,Large Eggs,LOT-2400-B,73,Last 90 days
103,099003224001,Large Eggs,LOT-2400-A,112,Last 90 days
103,099003224001,Large Eggs,LOT-2400-B,122,Last 90 days
104,099003224001,Large Eggs,LOT-2400-A,119,Last 90 days
104,099003224001,Large Eggs,LOT-2400-B,86,Last 90 days
105,099003224001,Large Eggs,LOT-2400-A,112,Last 90 days
105,099003224001,Large Eggs,LOT-2400-B,117,Last 90 days
106,099003224001,Large Eggs,LOT-2400-A,39,Last 90 days
106,099003224001,Large Eggs,LOT-2400-B,114,Last 90 days
107,099003224001,Large Eggs,LOT-2400-A,116,Last 90 days
107,099003224001,Large Eggs,LOT-2400-B,92,Last 90 days
108,099003224001,Large Eggs,LOT-2400-A,123,Last 90 days
108,099003224001,Large Eggs,LOT-2400-B,100,Last 90 days
201,099003224001,Large Eggs,LOT-2400-A,126,Last 90 days
201,099003224001,Large Eggs,LOT-2400-B,50,Last 90 days
203,099003224001,Large Eggs,LOT-2400-A,65,Last 90 days
203,099003224001,Large Eggs,LOT-2400-B,44,Last 90 days
204,099003224001,Large Eggs,LOT-2400-A,93,Last 90 days
204,099003224001,Large Eggs,LOT-2400-B,40,Last 90 days
205,099003224001,Large Eggs,LOT-2400-A,56,Last 90 days
205,099003224001,Large Eggs,LOT-2400-B,129,Last 90 days
206,099003224001,Large Eggs,LOT-2400-A,98,Last 90 days
206,099003224001,Large Eggs,LOT-2400-B,85,Last 90 days
207,099003224001,Large Eggs,LOT-2400-A,60,Last 90 days
207,099003224001,Large Eggs,LOT-2400-B,103,Last 90 days
208,099003224001,Large Eggs,LOT-2400-A,69,Last 90 days
208,099003224001,Large Eggs,LOT-2400-B,41,Last 90 days
101,099003545007,Deli Turkey,LOT-4500-A,94,Last 90 days
101,099003545007,Deli Turkey,LOT-4500-B,91,Last 90 days
105,099003545007,Deli Turkey,LOT-4500-A,127,Last 90 days
105,099003545007,Deli Turkey,LOT-4500-B,50,Last 90 days
106,099003545007,Deli Turkey,LOT-4500-A,89,Last 90 days
106,099003545007,Deli Turkey,LOT-4500-B,132,Last 90 days
108,099003545007,Deli Turkey,LOT-4500-A,110,Last 90 days
108,099003545007,Deli Turkey,LOT-4500-B,86,Last 90 days
201,099003545007,Deli Turkey,LOT-4500-A,68,Last 90 days
201,099003545007,Deli Turkey,LOT-4500-B,29,Last 90 days
202,099003545007,Deli Turkey,LOT-4500-A,111,Last 90 days
202,099003545007,Deli Turkey,LOT-4500-B,47,Last 90 days
203,099003545007,Deli Turkey,LOT-4500-A,110,Last 90 days
203,099003545007,Deli Turkey,LOT-4500-B,35,Last 90 days
204,099003545007,Deli Turkey,LOT-4500-A,28,Last 90 days
204,099003545007,Deli Turkey,LOT-4500-B,71,Last 90 days
205,099003545007,Deli Turkey,LOT-4500-A,130,Last 90 days
205,099003545007,Deli Turkey,LOT-4500-B,107,Last 90 days
208,099003545007,Deli Turkey,LOT-4500-A,87,Last 90 days
208,099003545007,Deli Turkey,LOT-4500-B,57,Last 90 days
101,099003652002,Sliced Ham,LOT-5200-A,123,Last 90 days
101,099003652002,Sliced Ham,LOT-5200-B,70,Last 90 days
102,099003652002,Sliced Ham,LOT-5200-A,93,Last 90 days
102,099003652002,Sliced Ham,LOT-5200-B,42,Last 90 days
105,099003652002,Sliced Ham,LOT-5200-A,62,Last 90 days
105,099003652002,Sliced Ham,LOT-5200-B,48,Last 90 days
106,099003652002,Sliced Ham,LOT-5200-A,124,Last 90 days
106,099003652002,Sliced Ham,LOT-5200-B,94,Last 90 days
107,099003652002,Sliced Ham,LOT-5200-A,85,Last 90 days
107,099003652002,Sliced Ham,LOT-5200-B,40,Last 90 days
108,099003652002,Sliced Ham,LOT-5200-A,23,Last 90 days
108,099003652002,Sliced Ham,LOT-5200-B,52,Last 90 days
201,099003652002,Sliced Ham,LOT-5200-A,43,Last 90 days
201,099003652002,Sliced Ham,LOT-5200-B,93,Last 90 days
202,099003652002,Sliced Ham,LOT-5200-A,28,Last 90 days
202,099003652002,Sliced Ham,LOT-5200-B,101,Last 90 days
204,099003652002,Sliced Ham,LOT-5200-A,33,Last 90 days
204,099003652002,Sliced Ham,LOT-5200-B,28,Last 90 days
205,099003652002,Sliced Ham,LOT-5200-A,103,Last 90 days
205,099003652002,Sliced Ham,LOT-5200-B,131,Last 90 days
206,099003652002,Sliced Ham,LOT-5200-A,60,Last 90 days
206,099003652002,Sliced Ham,LOT-5200-B,24,Last 90 days
207,099003652002,Sliced Ham,LOT-5200-A,68,Last 90 days
207,099003652002,Sliced Ham,LOT-5200-B,27,Last 90 days
101,099003973008,Ground Beef,LOT-7300-A,52,Last 90 days
101,099003973008,Ground Beef,LOT-7300-B,113,Last 90 days
102,099003973008,Ground Beef,LOT-7300-A,20,Last 90 days
102,099003973008,Ground Beef,LOT-7300-B,17,Last 90 days
103,099003973008,Ground Beef,LOT-7300-A,96,Last 90 days
103,099003973008,Ground Beef,LOT-7300-B,126,Last 90 days
104,099003973008,Ground Beef,LOT-7300-A,36,Last 90 days
104,099003973008,Ground Beef,LOT-7300-B,85,Last 90 days
106,099003973008,Ground Beef,LOT-7300-A,53,Last 90 days
106,099003973008,Ground Beef,LOT-7300-B,63,Last 90 days
107,099003973008,Ground Beef,LOT-7300-A,117,Last 90 days
107,099003973008,Ground Beef,LOT-7300-B,54,Last 90 days
202,099003973008,Ground Beef,LOT-7300-A,52,Last 90 days
202,099003973008,Ground Beef,LOT-7300-B,72,Last 90 days
203,099003973008,Ground Beef,LOT-7300-A,99,Last 90 days
203,099003973008,Ground Beef,LOT-7300-B,65,Last 90 days
204,099003973008,Ground Beef,LOT-7300-A,93,Last 90 days
204,099003973008,Ground Beef,LOT-7300-B,45,Last 90 days
205,099003973008,Ground Beef,LOT-7300-A,108,Last 90 days
205,099003973008,Ground Beef,LOT-7300-B,43,Last 90 days
206,099003973008,Ground Beef,LOT-7300-A,20,Last 90 days
206,099003973008,Ground Beef,LOT-7300-B,119,Last 90 days
207,099003973008,Ground Beef,LOT-7300-A,131,Last 90 days
207,099003973008,Ground Beef,LOT-7300-B,46,Last 90 days
101,099004408004,Smoked Salmon,LOT-0800-A,61,Last 90 days
101,099004408004,Smoked Salmon,LOT-0800-B,45,Last 90 days
102,099004408004,Smoked Salmon,LOT-0800-A,59,Last 90 days
102,099004408004,Smoked Salmon,LOT-0800-B,27,Last 90 days
103,099004408004,Smoked Salmon,LOT-0800-A,112,Last 90 days
103,099004408004,Smoked Salmon,LOT-0800-B,111,Last 90 days
105,099004408004,Smoked Salmon,LOT-0800-A,59,Last 90 days
105,099004408004,Smoked Salmon,LOT-0800-B,102,Last 90 days
106,099004408004,Smoked Salmon,LOT-0800-A,92,Last 90 days
106,099004408004,Smoked Salmon,LOT-0800-B,80,Last 90 days
203,099004408004,Smoked Salmon,LOT-0800-A,87,Last 90 days
203,099004408004,Smoked Salmon,LOT-0800-B,84,Last 90 days
204,099004408004,Smoked Salmon,LOT-0800-A,28,Last 90 days
204,099004408004,Smoked Salmon,LOT-0800-B,83,Last 90 days
205,099004408004,Smoked Salmon,LOT-0800-A,86,Last 90 days
205,099004408004,Smoked Salmon,LOT-0800-B,71,Last 90 days
206,099004408004,Smoked Salmon,LOT-0800-A,42,Last 90 days
206,099004408004,Smoked Salmon,LOT-0800-B,63,Last 90 days
208,099004408004,Smoked Salmon,LOT-0800-A,67,Last 90 days
208,099004408004,Smoked Salmon,LOT-0800-B,112,Last 90 days
102,099004515009,Tomato Soup,LOT-1500-A,112,Last 90 days
102,099004515009,Tomato Soup,LOT-1500-B,58,Last 90 days
103,099004515009,Tomato Soup,LOT-1500-A,58,Last 90 days
103,099004515009,Tomato Soup,LOT-1500-B,81,Last 90 days
107,099004515009,Tomato Soup,LOT-1500-A,48,Last 90 days
107,099004515009,Tomato Soup,LOT-1500-B,56,Last 90 days
108,099004515009,Tomato Soup,LOT-1500-A,18,Last 90 days
108,099004515009,Tomato Soup,LOT-1500-B,108,Last 90 days
202,099004515009,Tomato Soup,LOT-1500-A,34,Last 90 days
202,099004515009,Tomato Soup,LOT-1500-B,63,Last 90 days
204,099004515009,Tomato Soup,LOT-1500-A,71,Last 90 days
204,099004515009,Tomato Soup,LOT-1500-B,119,Last 90 days
205,099004515009,Tomato Soup,LOT-1500-A,31,Last 90 days
205,099004515009,Tomato Soup,LOT-1500-B,49,Last 90 days
206,099004515009,Tomato Soup,LOT-1500-A,35,Last 90 days
206,099004515009,Tomato Soup,LOT-1500-B,111,Last 90 days
207,099004515009,Tomato Soup,LOT-1500-A,40,Last 90 days
207,099004515009,Tomato Soup,LOT-1500-B,68,Last 90 days
104,099004943000,Tomato Bisque Soup Kit,LOT-4300-A,103,Last 90 days
104,099004943000,Tomato Bisque Soup Kit,LOT-4300-B,18,Last 90 days
105,099004943000,Tomato Bisque Soup Kit,LOT-4300-A,104,Last 90 days
105,099004943000,Tomato Bisque Soup Kit,LOT-4300-B,116,Last 90 days
106,099004943000,Tomato Bisque Soup Kit,LOT-4300-A,51,Last 90 days
106,099004943000,Tomato Bisque Soup Kit,LOT-4300-B,30,Last 90 days
108,099004943000,Tomato Bisque Soup Kit,LOT-4300-A,97,Last 90 days
108,099004943000,Tomato Bisque Soup Kit,LOT-4300-B,93,Last 90 days
201,099004943000,Tomato Bisque Soup Kit,LOT-4300-A,130,Last 90 days
201,099004943000,Tomato Bisque Soup Kit,LOT-4300-B,109,Last 90 days
202,099004943000,Tomato Bisque Soup Kit,LOT-4300-A,16,Last 90 days
202,099004943000,Tomato Bisque Soup Kit,LOT-4300-B,118,Last 90 days
204,099004943000,Tomato Bisque Soup Kit,LOT-4300-A,29,Last 90 days
204,099004943000,Tomato Bisque Soup Kit,LOT-4300-B,34,Last 90 days
205,099004943000,Tomato Bisque Soup Kit,LOT-4300-A,117,Last 90 days
205,099004943000,Tomato Bisque Soup Kit,LOT-4300-B,120,Last 90 days
206,099004943000,Tomato Bisque Soup Kit,LOT-4300-A,50,Last 90 days
206,099004943000,Tomato Bisque Soup Kit,LOT-4300-B,40,Last 90 days
207,099004943000,Tomato Bisque Soup Kit,LOT-4300-A,83,Last 90 days
207,099004943000,Tomato Bisque Soup Kit,LOT-4300-B,114,Last 90 days
208,099004943000,Tomato Bisque Soup Kit,LOT-4300-A,98,Last 90 days
208,099004943000,Tomato Bisque Soup Kit,LOT-4300-B,55,Last 90 days
101,099005478006,Salsa Verde,LOT-7800-A,91,Last 90 days
101,099005478006,Salsa Verde,LOT-7800-B,27,Last 90 days
104,099005478006,Salsa Verde,LOT-7800-A,36,Last 90 days
104,099005478006,Salsa Verde,LOT-7800-B,28,Last 90 days
105,099005478006,Salsa Verde,LOT-7800-A,58,Last 90 days
105,099005478006,Salsa Verde,LOT-7800-B,103,Last 90 days
106,099005478006,Salsa Verde,LOT-7800-A,46,Last 90 days
106,099005478006,Salsa Verde,LOT-7800-B,22,Last 90 days
107,099005478006,Salsa Verde,LOT-7800-A,115,Last 90 days
107,099005478006,Salsa Verde,LOT-7800-B,124,Last 90 days
201,099005478006,Salsa Verde,LOT-7800-A,65,Last 90 days
201,099005478006,Salsa Verde,LOT-7800-B,55,Last 90 days
202,099005478006,Salsa Verde,LOT-7800-A,96,Last 90 days
202,099005478006,Salsa Verde,LOT-7800-B,69,Last 90 days
203,099005478006,Salsa Verde,LOT-7800-A,101,Last 90 days
203,099005478006,Salsa Verde,LOT-7800-B,89,Last 90 days
205,099005478006,Salsa Verde,LOT-7800-A,99,Last 90 days
205,099005478006,Salsa Verde,LOT-7800-B,86,Last 90 days
207,099005478006,Salsa Verde,LOT-7800-A,97,Last 90 days
207,099005478006,Salsa Verde,LOT-7800-B,36,Last 90 days
208,099005478006,Salsa Verde,LOT-7800-A,109,Last 90 days
208,099005478006,Salsa Verde,LOT-7800-B,84,Last 90 days
101,099007311004,Almond Butter,LOT-1100-A,109,Last 90 days
101,099007311004,Almond Butter,LOT-1100-B,60,Last 90 days
102,099007311004,Almond Butter,LOT-1100-A,65,Last 90 days
102,099007311004,Almond Butter,LOT-1100-B,70,Last 90 days
104,099007311004,Almond Butter,LOT-1100-A,115,Last 90 days
104,099007311004,Almond Butter,LOT-1100-B,74,Last 90 days
105,099007311004,Almond Butter,LOT-1100-A,83,Last 90 days
105,099007311004,Almond Butter,LOT-1100-B,132,Last 90 days
106,099007311004,Almond Butter,LOT-1100-A,47,Last 90 days
106,099007311004,Almond Butter,LOT-1100-B,121,Last 90 days
108,099007311004,Almond Butter,LOT-1100-A,133,Last 90 days
108,099007311004,Almond Butter,LOT-1100-B,127,Last 90 days
201,099007311004,Almond Butter,LOT-1100-A,124,Last 90 days
201,099007311004,Almond Butter,LOT-1100-B,17,Last 90 days
204,099007311004,Almond Butter,LOT-1100-A,119,Last 90 days
204,099007311004,Almond Butter,LOT-1100-B,79,Last 90 days
205,099007311004,Almond Butter,LOT-1100-A,25,Last 90 days
205,099007311004,Almond Butter,LOT-1100-B,81,Last 90 days
208,099007311004,Almond Butter,LOT-1100-A,109,Last 90 days
208,099007311004,Almond Butter,LOT-1100-B,123,Last 90 days
101,099007418000,Granola,LOT-1800-A,90,Last 90 days
101,099007418000,Granola,LOT-1800-B,111,Last 90 days
102,099007418000,Granola,LOT-1800-A,98,Last 90 days
102,099007418000,Granola,LOT-1800-B,124,Last 90 days
103,099007418000,Granola,LOT-1800-A,72,Last 90 days
103,099007418000,Granola,LOT-1800-B,28,Last 90 days
104,099007418000,Granola,LOT-1800-A,40,Last 90 days
104,099007418000,Granola,LOT-1800-B,113,Last 90 days
105,099007418000,Granola,LOT-1800-A,117,Last 90 days
105,099007418000,Granola,LOT-1800-B,82,Last 90 days
106,099007418000,Granola,LOT-1800-A,46,Last 90 days
106,099007418000,Granola,LOT-1800-B,121,Last 90 days
107,099007418000,Granola,LOT-1800-A,63,Last 90 days
107,099007418000,Granola,LOT-1800-B,80,Last 90 days
108,099007418000,Granola,LOT-1800-A,43,Last 90 days
108,099007418000,Granola,LOT-1800-B,76,Last 90 days
202,099007418000,Granola,LOT-1800-A,62,Last 90 days
202,099007418000,Granola,LOT-1800-B,95,Last 90 days
203,099007418000,Granola,LOT-1800-A,90,Last 90 days
203,099007418000,Granola,LOT-1800-B,113,Last 90 days
205,099007418000,Granola,LOT-1800-A,79,Last 90 days
205,099007418000,Granola,LOT-1800-B,44,Last 90 days
206,099007418000,Granola,LOT-1800-A,15,Last 90 days
206,099007418000,Granola,LOT-1800-B,104,Last 90 days
207,099007418000,Granola,LOT-1800-A,107,Last 90 days
207,099007418000,Granola,LOT-1800-B,30,Last 90 days
208,099007418000,Granola,LOT-1800-A,119,Last 90 days
208,099007418000,Granola,LOT-1800-B,82,Last 90 days
104,099009137008,Protein Powder,LOT-3700-A,51,Last 90 days
104,099009137008,Protein Powder,LOT-3700-B,20,Last 90 days
105,099009137008,Protein Powder,LOT-3700-A,66,Last 90 days
105,099009137008,Protein Powder,LOT-3700-B,90,Last 90 days
106,099009137008,Protein Powder,LOT-3700-A,43,Last 90 days
106,099009137008,Protein Powder,LOT-3700-B,67,Last 90 days
107,099009137008,Protein Powder,LOT-3700-A,68,Last 90 days
107,099009137008,Protein Powder,LOT-3700-B,118,Last 90 days
108,099009137008,Protein Powder,LOT-3700-A,36,Last 90 days
108,099009137008,Protein Powder,LOT-3700-B,22,Last 90 days
201,099009137008,Protein Powder,LOT-3700-A,119,Last 90 days
201,099009137008,Protein Powder,LOT-3700-B,107,Last 90 days
204,099009137008,Protein Powder,LOT-3700-A,98,Last 90 days
204,099009137008,Protein Powder,LOT-3700-B,28,Last 90 days
205,099009137008,Protein Powder,LOT-3700-A,132,Last 90 days
205,099009137008,Protein Powder,LOT-3700-B,79,Last 90 days
206,099009137008,Protein Powder,LOT-3700-A,119,Last 90 days
206,099009137008,Protein Powder,LOT-3700-B,71,Last 90 days
102,099009244003,Infant Cereal,LOT-4400-A,132,Last 90 days
102,099009244003,Infant Cereal,LOT-4400-B,98,Last 90 days
103,099009244003,Infant Cereal,LOT-4400-A,71,Last 90 days
103,099009244003,Infant Cereal,LOT-4400-B,38,Last 90 days
104,099009244003,Infant Cereal,LOT-4400-A,63,Last 90 days
104,099009244003,Infant Cereal,LOT-4400-B,43,Last 90 days
105,099009244003,Infant Cereal,LOT-4400-A,110,Last 90 days
105,099009244003,Infant Cereal,LOT-4400-B,42,Last 90 days
106,099009244003,Infant Cereal,LOT-4400-A,95,Last 90 days
106,099009244003,Infant Cereal,LOT-4400-B,33,Last 90 days
107,099009244003,Infant Cereal,LOT-4400-A,112,Last 90 days
107,099009244003,Infant Cereal,LOT-4400-B,16,Last 90 days
201,099009244003,Infant Cereal,LOT-4400-A,29,Last 90 days
201,099009244003,Infant Cereal,LOT-4400-B,115,Last 90 days
204,099009244003,Infant Cereal,LOT-4400-A,128,Last 90 days
204,099009244003,Infant Cereal,LOT-4400-B,77,Last 90 days
205,099009244003,Infant Cereal,LOT-4400-A,27,Last 90 days
205,099009244003,Infant Cereal,LOT-4400-B,39,Last 90 days
206,099009244003,Infant Cereal,LOT-4400-A,38,Last 90 days
206,099009244003,Infant Cereal,LOT-4400-B,121,Last 90 days
207,099009244003,Infant Cereal,LOT-4400-A,46,Last 90 days
207,099009244003,Infant Cereal,LOT-4400-B,110,Last 90 days
208,099009244003,Infant Cereal,LOT-4400-A,114,Last 90 days
208,099009244003,Infant Cereal,LOT-4400-B,94,Last 90 days
103,099009351008,Toddler Snacks,LOT-5100-A,121,Last 90 days
103,099009351008,Toddler Snacks,LOT-5100-B,103,Last 90 days
104,099009351008,Toddler Snacks,LOT-5100-A,93,Last 90 days
104,099009351008,Toddler Snacks,LOT-5100-B,69,Last 90 days
106,099009351008,Toddler Snacks,LOT-5100-A,35,Last 90 days
106,099009351008,Toddler Snacks,LOT-5100-B,122,Last 90 days
108,099009351008,Toddler Snacks,LOT-5100-A,92,Last 90 days
108,099009351008,Toddler Snacks,LOT-5100-B,77,Last 90 days
202,099009351008,Toddler Snacks,LOT-5100-A,96,Last 90 days
202,099009351008,Toddler Snacks,LOT-5100-B,36,Last 90 days
203,099009351008,Toddler Snacks,LOT-5100-A,123,Last 90 days
203,099009351008,Toddler Snacks,LOT-5100-B,25,Last 90 days
204,099009351008,Toddler Snacks,LOT-5100-A,133,Last 90 days
204,099009351008,Toddler Snacks,LOT-5100-B,55,Last 90 days
206,099009351008,Toddler Snacks,LOT-5100-A,39,Last 90 days
206,099009351008,Toddler Snacks,LOT-5100-B,62,Last 90 days
207,099009351008,Toddler Snacks,LOT-5100-A,113,Last 90 days
207,099009351008,Toddler Snacks,LOT-5100-B,82,Last 90 days
208,099009351008,Toddler Snacks,LOT-5100-A,51,Last 90 days
208,099009351008,Toddler Snacks,LOT-5100-B,96,Last 90 days
103,099010642003,Sunscreen,LOT-4200-A,65,Last 90 days
103,099010642003,Sunscreen,LOT-4200-B,32,Last 90 days
104,099010642003,Sunscreen,LOT-4200-A,120,Last 90 days
104,099010642003,Sunscreen,LOT-4200-B,111,Last 90 days
105,099010642003,Sunscreen,LOT-4200-A,84,Last 90 days
105,099010642003,Sunscreen,LOT-4200-B,75,Last 90 days
108,099010642003,Sunscreen,LOT-4200-A,124,Last 90 days
108,099010642003,Sunscreen,LOT-4200-B,52,Last 90 days
202,099010642003,Sunscreen,LOT-4200-A,96,Last 90 days
202,099010642003,Sunscreen,LOT-4200-B,101,Last 90 days
203,099010642003,Sunscreen,LOT-4200-A,95,Last 90 days
203,099010642003,Sunscreen,LOT-4200-B,97,Last 90 days
204,099010642003,Sunscreen,LOT-4200-A,51,Last 90 days
204,099010642003,Sunscreen,LOT-4200-B,21,Last 90 days
205,099010642003,Sunscreen,LOT-4200-A,111,Last 90 days
205,099010642003,Sunscreen,LOT-4200-B,82,Last 90 days
206,099010642003,Sunscreen,LOT-4200-A,113,Last 90 days
206,099010642003,Sunscreen,LOT-4200-B,112,Last 90 days
208,099010642003,Sunscreen,LOT-4200-A,73,Last 90 days
208,099010642003,Sunscreen,LOT-4200-B,130,Last 90 days
103,099010856004,Pain Reliever,LOT-5600-A,68,Last 90 days
103,099010856004,Pain Reliever,LOT-5600-B,118,Last 90 days
104,099010856004,Pain Reliever,LOT-5600-A,103,Last 90 days
104,099010856004,Pain Reliever,LOT-5600-B,104,Last 90 days
105,099010856004,Pain Reliever,LOT-5600-A,128,Last 90 days
105,099010856004,Pain Reliever,LOT-5600-B,130,Last 90 days
107,099010856004,Pain Reliever,LOT-5600-A,15,Last 90 days
107,099010856004,Pain Reliever,LOT-5600-B,116,Last 90 days
108,099010856004,Pain Reliever,LOT-5600-A,41,Last 90 days
108,099010856004,Pain Reliever,LOT-5600-B,20,Last 90 days
201,099010856004,Pain Reliever,LOT-5600-A,130,Last 90 days
201,099010856004,Pain Reliever,LOT-5600-B,60,Last 90 days
202,099010856004,Pain Reliever,LOT-5600-A,56,Last 90 days
202,099010856004,Pain Reliever,LOT-5600-B,100,Last 90 days
203,099010856004,Pain Reliever,LOT-5600-A,56,Last 90 days
203,099010856004,Pain Reliever,LOT-5600-B,100,Last 90 days
204,099010856004,Pain Reliever,LOT-5600-A,40,Last 90 days
204,099010856004,Pain Reliever,LOT-5600-B,58,Last 90 days
205,099010856004,Pain Reliever,LOT-5600-A,84,Last 90 days
205,099010856004,Pain Reliever,LOT-5600-B,79,Last 90 days
206,099010856004,Pain Reliever,LOT-5600-A,131,Last 90 days
206,099010856004,Pain Reliever,LOT-5600-B,55,Last 90 days
207,099010856004,Pain Reliever,LOT-5600-A,27,Last 90 days
207,099010856004,Pain Reliever,LOT-5600-B,50,Last 90 days
208,099010856004,Pain Reliever,LOT-5600-A,16,Last 90 days
208,099010856004,Pain Reliever,LOT-5600-B,20,Last 90 days
101,099010963009,Cough Syrup,LOT-6300-A,58,Last 90 days
101,099010963009,Cough Syrup,LOT-6300-B,95,Last 90 days
103,099010963009,Cough Syrup,LOT-6300-A,110,Last 90 days
103,099010963009,Cough Syrup,LOT-6300-B,126,Last 90 days
104,099010963009,Cough Syrup,LOT-6300-A,92,Last 90 days
104,099010963009,Cough Syrup,LOT-6300-B,111,Last 90 days
106,099010963009,Cough Syrup,LOT-6300-A,79,Last 90 days
106,099010963009,Cough Syrup,LOT-6300-B,34,Last 90 days
107,099010963009,Cough Syrup,LOT-6300-A,125,Last 90 days
107,099010963009,Cough Syrup,LOT-6300-B,61,Last 90 days
201,099010963009,Cough Syrup,LOT-6300-A,29,Last 90 days
201,099010963009,Cough Syrup,LOT-6300-B,28,Last 90 days
203,099010963009,Cough Syrup,LOT-6300-A,49,Last 90 days
203,099010963009,Cough Syrup,LOT-6300-B,20,Last 90 days
204,099010963009,Cough Syrup,LOT-6300-A,37,Last 90 days
204,099010963009,Cough Syrup,LOT-6300-B,116,Last 90 days
205,099010963009,Cough Syrup,LOT-6300-A,26,Last 90 days
205,099010963009,Cough Syrup,LOT-6300-B,56,Last 90 days
206,099010963009,Cough Syrup,LOT-6300-A,97,Last 90 days
206,099010963009,Cough Syrup,LOT-6300-B,105,Last 90 days
207,099010963009,Cough Syrup,LOT-6300-A,65,Last 90 days
207,099010963009,Cough Syrup,LOT-6300-B,25,Last 90 days
208,099010963009,Cough Syrup,LOT-6300-A,78,Last 90 days
208,099010963009,Cough Syrup,LOT-6300-B,42,Last 90 days
101,099011070003,Multivitamins,LOT-7000-A,112,Last 90 days
101,099011070003,Multivitamins,LOT-7000-B,22,Last 90 days
102,099011070003,Multivitamins,LOT-7000-A,24,Last 90 days
102,099011070003,Multivitamins,LOT-7000-B,96,Last 90 days
103,099011070003,Multivitamins,LOT-7000-A,50,Last 90 days
103,099011070003,Multivitamins,LOT-7000-B,34,Last 90 days
105,099011070003,Multivitamins,LOT-7000-A,56,Last 90 days
105,099011070003,Multivitamins,LOT-7000-B,81,Last 90 days
107,099011070003,Multivitamins,LOT-7000-A,31,Last 90 days
107,099011070003,Multivitamins,LOT-7000-B,125,Last 90 days
108,099011070003,Multivitamins,LOT-7000-A,116,Last 90 days
108,099011070003,Multivitamins,LOT-7000-B,52,Last 90 days
203,099011070003,Multivitamins,LOT-7000-A,17,Last 90 days
203,099011070003,Multivitamins,LOT-7000-B,42,Last 90 days
204,099011070003,Multivitamins,LOT-7000-A,117,Last 90 days
204,099011070003,Multivitamins,LOT-7000-B,22,Last 90 days
205,099011070003,Multivitamins,LOT-7000-A,132,Last 90 days
205,099011070003,Multivitamins,LOT-7000-B,24,Last 90 days
206,099011070003,Multivitamins,LOT-7000-A,38,Last 90 days
206,099011070003,Multivitamins,LOT-7000-B,64,Last 90 days
208,099011070003,Multivitamins,LOT-7000-A,25,Last 90 days
208,099011070003,Multivitamins,LOT-7000-B,47,Last 90 days
