Supplier ID,Supplier Name,Prior Recall Count
SUP-1,GreenLeaf Distributors,0
SUP-2,Guardian Safety Supply,0
SUP-3,Household Basics Co,1
SUP-4,MedFirst Products,2
SUP-5,Heritage Foods Group,1
SUP-6,PetPantry Wholesale,0
SUP-7,Little Steps Nutrition,3
SUP-8,CleanCare Brands,0
SUP-9,Meadowbrook Foods,0
SUP-10,Sunridge Provisions,1
SUP-11,Harvest Hollow Co,0
SUP-12,Blue Ridge Bakery Co,2
SUP-13,Lone Star Pantry,0
SUP-14,Peachtree Fresh Produce,1
SUP-15,Prairie Dairy Cooperative,0
SUP-16,Golden Grain Mills,0
SUP-17,Cedar Kitchen Foods,3
SUP-18,Summit Snack Co,0
SUP-19,Bright Home Supply,1
SUP-20,Wellspring Health Products,2
