DC ID,UPC,Product,On Hand,In Transit,Available to Push,Reserved,Safety Stock,ATP,Captured At,Committed,Eligible Inbound Before Cutoff
DC-TX1,049000028911,Bottled Water,1173,123,188,985,0,188,2026-09-23T00:00:00+00:00,985,0
DC-TX1,039800011906,Batteries,1736,86,151,1585,0,151,2026-09-23T00:00:00+00:00,1585,0
DC-TX1,030878004508,Flashlights,1603,253,18,1585,0,18,2026-09-23T00:00:00+00:00,1585,0
DC-TX1,041303011003,Rock Salt,1027,277,42,985,0,42,2026-09-23T00:00:00+00:00,985,0
DC-TX1,052088880018,Space Heater,832,82,0,685,0,147,2026-09-23T00:00:00+00:00,685,0
DC-TX1,073168300019,Rain Ponchos,1198,148,5,985,0,213,2026-09-23T00:00:00+00:00,985,0
DC-TX1,072140010027,First Aid Kit,1737,87,52,1685,0,52,2026-09-23T00:00:00+00:00,1685,0
DC-TX1,051500255162,Peanut Butter,1972,322,187,1785,0,187,2026-09-23T00:00:00+00:00,1785,0
DC-TX1,016000275867,Granola Bars,1172,122,187,985,0,187,2026-09-23T00:00:00+00:00,985,0
DC-TX1,051000012516,Canned Soup,1663,313,178,1485,0,178,2026-09-23T00:00:00+00:00,1485,0
DC-TX1,070038640119,Trail Mix,1538,188,53,1485,0,53,2026-09-23T00:00:00+00:00,1485,0
DC-TX1,028400090460,Value Snacks,505,55,20,485,0,20,2026-09-23T00:00:00+00:00,485,0
DC-TX1,073730002104,Bread,1759,109,174,1585,0,174,2026-09-23T00:00:00+00:00,1585,0
DC-TX1,300871231218,Baby Formula,1385,335,100,1285,0,100,2026-09-23T00:00:00+00:00,1285,0
DC-TX1,017800130039,Pet Food,1901,251,16,1885,0,16,2026-09-23T00:00:00+00:00,1885,0
DC-TX1,037000127109,Laundry Detergent,648,198,63,585,0,63,2026-09-23T00:00:00+00:00,585,0
DC-TX1,030772057008,Paper Towels,1513,163,128,1385,0,128,2026-09-23T00:00:00+00:00,1385,0
DC-TX1,037000424116,Toothpaste,1848,198,163,1685,0,163,2026-09-23T00:00:00+00:00,1685,0
DC-TX1,080878179271,Shampoo,1690,340,205,1485,0,205,2026-09-23T00:00:00+00:00,1485,0
DC-TX1,301871220013,Hand Sanitizer,1154,104,169,985,0,169,2026-09-23T00:00:00+00:00,985,0
DC-TX1,081234567895,LPG Cylinder 20lb,1188,138,103,1085,0,103,2026-09-23T00:00:00+00:00,1085,0
DC-TX2,049000028911,Bottled Water,1909,259,24,1885,0,24,2026-09-23T00:00:00+00:00,1885,0
DC-TX2,039800011906,Batteries,545,95,160,385,0,160,2026-09-23T00:00:00+00:00,385,0
DC-TX2,030878004508,Flashlights,1883,233,98,1785,0,98,2026-09-23T00:00:00+00:00,1785,0
DC-TX2,041303011003,Rock Salt,990,240,105,885,0,105,2026-09-23T00:00:00+00:00,885,0
DC-TX2,052088880018,Space Heater,1183,133,198,985,0,198,2026-09-23T00:00:00+00:00,985,0
DC-TX2,073168300019,Rain Ponchos,1628,278,43,1585,0,43,2026-09-23T00:00:00+00:00,1585,0
DC-TX2,072140010027,First Aid Kit,1844,194,59,1785,0,59,2026-09-23T00:00:00+00:00,1785,0
DC-TX2,051500255162,Peanut Butter,1355,305,170,1185,0,170,2026-09-23T00:00:00+00:00,1185,0
DC-TX2,016000275867,Granola Bars,1659,309,74,1585,0,74,2026-09-23T00:00:00+00:00,1585,0
DC-TX2,051000012516,Canned Soup,542,92,57,485,0,57,2026-09-23T00:00:00+00:00,485,0
DC-TX2,070038640119,Trail Mix,1003,253,118,885,0,118,2026-09-23T00:00:00+00:00,885,0
DC-TX2,028400090460,Value Snacks,1503,153,18,1485,0,18,2026-09-23T00:00:00+00:00,1485,0
DC-TX2,073730002104,Bread,1511,161,126,1385,0,126,2026-09-23T00:00:00+00:00,1385,0
DC-TX2,300871231218,Baby Formula,1523,173,38,1485,0,38,2026-09-23T00:00:00+00:00,1485,0
DC-TX2,017800130039,Pet Food,1101,51,16,1085,0,16,2026-09-23T00:00:00+00:00,1085,0
DC-TX2,037000127109,Laundry Detergent,1568,218,183,1385,0,183,2026-09-23T00:00:00+00:00,1385,0
DC-TX2,030772057008,Paper Towels,593,143,108,485,0,108,2026-09-23T00:00:00+00:00,485,0
DC-TX2,037000424116,Toothpaste,1358,308,73,1285,0,73,2026-09-23T00:00:00+00:00,1285,0
DC-TX2,080878179271,Shampoo,1106,56,121,985,0,121,2026-09-23T00:00:00+00:00,985,0
DC-TX2,301871220013,Hand Sanitizer,728,278,43,685,0,43,2026-09-23T00:00:00+00:00,685,0
DC-TX2,081234567895,LPG Cylinder 20lb,951,201,66,885,0,66,2026-09-23T00:00:00+00:00,885,0
DC-GA1,049000028911,Bottled Water,1000,250,15,985,0,15,2026-09-23T00:00:00+00:00,985,0
DC-GA1,039800011906,Batteries,1229,179,44,1185,0,44,2026-09-23T00:00:00+00:00,1185,0
DC-GA1,030878004508,Flashlights,1246,196,161,1085,0,161,2026-09-23T00:00:00+00:00,1085,0
DC-GA1,041303011003,Rock Salt,1438,88,153,1285,0,153,2026-09-23T00:00:00+00:00,1285,0
DC-GA1,052088880018,Space Heater,1334,284,149,1185,0,149,2026-09-23T00:00:00+00:00,1185,0
DC-GA1,073168300019,Rain Ponchos,687,237,102,585,0,102,2026-09-23T00:00:00+00:00,585,0
DC-GA1,072140010027,First Aid Kit,1081,331,96,985,0,96,2026-09-23T00:00:00+00:00,985,0
DC-GA1,051500255162,Peanut Butter,1659,309,74,1585,0,74,2026-09-23T00:00:00+00:00,1585,0
DC-GA1,016000275867,Granola Bars,917,167,132,785,0,132,2026-09-23T00:00:00+00:00,785,0
DC-GA1,051000012516,Canned Soup,1523,173,38,1485,0,38,2026-09-23T00:00:00+00:00,1485,0
DC-GA1,070038640119,Trail Mix,1560,210,75,1485,0,75,2026-09-23T00:00:00+00:00,1485,0
DC-GA1,028400090460,Value Snacks,1160,110,75,1085,0,75,2026-09-23T00:00:00+00:00,1085,0
DC-GA1,073730002104,Bread,1147,97,162,985,0,162,2026-09-23T00:00:00+00:00,985,0
DC-GA1,300871231218,Baby Formula,1969,319,84,1885,0,84,2026-09-23T00:00:00+00:00,1885,0
DC-GA1,017800130039,Pet Food,1191,141,5,1186,0,5,2026-09-23T00:00:00+00:00,1186,0
DC-GA1,037000127109,Laundry Detergent,1771,121,3,1768,0,3,2026-09-23T00:00:00+00:00,1768,0
DC-GA1,030772057008,Paper Towels,1365,315,300,1065,0,300,2026-09-23T00:00:00+00:00,1065,0
DC-GA1,037000424116,Toothpaste,959,209,74,885,0,74,2026-09-23T00:00:00+00:00,885,0
DC-GA1,080878179271,Shampoo,1494,144,109,1385,0,109,2026-09-23T00:00:00+00:00,1385,0
DC-GA1,301871220013,Hand Sanitizer,1500,150,15,1485,0,15,2026-09-23T00:00:00+00:00,1485,0
DC-GA1,081234567895,LPG Cylinder 20lb,1171,121,86,1085,0,86,2026-09-23T00:00:00+00:00,1085,0
DC-GA2,049000028911,Bottled Water,822,72,37,785,0,37,2026-09-23T00:00:00+00:00,785,0
DC-GA2,039800011906,Batteries,813,63,128,685,0,128,2026-09-23T00:00:00+00:00,685,0
DC-GA2,030878004508,Flashlights,1002,252,117,885,0,117,2026-09-23T00:00:00+00:00,885,0
DC-GA2,041303011003,Rock Salt,1385,335,100,1285,0,100,2026-09-23T00:00:00+00:00,1285,0
DC-GA2,052088880018,Space Heater,1101,51,16,1085,0,16,2026-09-23T00:00:00+00:00,1085,0
DC-GA2,073168300019,Rain Ponchos,1572,222,187,1385,0,187,2026-09-23T00:00:00+00:00,1385,0
DC-GA2,072140010027,First Aid Kit,1153,103,168,985,0,168,2026-09-23T00:00:00+00:00,985,0
DC-GA2,051500255162,Peanut Butter,540,90,155,385,0,155,2026-09-23T00:00:00+00:00,385,0
DC-GA2,016000275867,Granola Bars,590,140,105,485,0,105,2026-09-23T00:00:00+00:00,485,0
DC-GA2,051000012516,Canned Soup,1567,217,182,1385,0,182,2026-09-23T00:00:00+00:00,1385,0
DC-GA2,070038640119,Trail Mix,624,174,139,485,0,139,2026-09-23T00:00:00+00:00,485,0
DC-GA2,028400090460,Value Snacks,1196,146,211,985,0,211,2026-09-23T00:00:00+00:00,985,0
DC-GA2,073730002104,Bread,501,51,16,485,0,16,2026-09-23T00:00:00+00:00,485,0
DC-GA2,300871231218,Baby Formula,1996,346,111,1885,0,111,2026-09-23T00:00:00+00:00,1885,0
DC-GA2,017800130039,Pet Food,1341,291,500,841,0,500,2026-09-23T00:00:00+00:00,841,0
DC-GA2,037000127109,Laundry Detergent,923,173,3,920,0,3,2026-09-23T00:00:00+00:00,920,0
DC-GA2,030772057008,Paper Towels,1764,114,79,1685,0,79,2026-09-23T00:00:00+00:00,1685,0
DC-GA2,037000424116,Toothpaste,1295,245,110,1185,0,110,2026-09-23T00:00:00+00:00,1185,0
DC-GA2,080878179271,Shampoo,546,96,161,385,0,161,2026-09-23T00:00:00+00:00,385,0
DC-GA2,301871220013,Hand Sanitizer,519,69,34,485,0,34,2026-09-23T00:00:00+00:00,485,0
DC-GA2,081234567895,LPG Cylinder 20lb,594,144,209,385,0,209,2026-09-23T00:00:00+00:00,385,0
