Lot ID,UPC,Product,Manufacture Date
LOT-0027-A,072140010027,First Aid Kit,2026-06-15
LOT-0027-B,072140010027,First Aid Kit,2026-07-20
LOT-5162-A,051500255162,Peanut Butter,2026-06-15
LOT-5162-B,051500255162,Peanut Butter,2026-07-20
LOT-5867-A,016000275867,Granola Bars,2026-06-15
LOT-5867-B,016000275867,Granola Bars,2026-07-20
LOT-2516-A,051000012516,Canned Soup,2026-06-15
LOT-2516-B,051000012516,Canned Soup,2026-07-20
LOT-2104-A,073730002104,Bread,2026-06-15
LOT-2104-B,073730002104,Bread,2026-07-20
LOT-1218-A,300871231218,Baby Formula,2026-06-15
LOT-1218-B,300871231218,Baby Formula,2026-07-20
LOT-0013-A,301871220013,Hand Sanitizer,2026-06-15
LOT-0013-B,301871220013,Hand Sanitizer,2026-07-20
LOT-7895-A,081234567895,LPG Cylinder 20lb,2026-06-15
LOT-7895-B,081234567895,LPG Cylinder 20lb,2026-07-20
