Store ID,Date,Shift,Scheduled,Callouts
101,2026-09-10,AM,8,0
101,2026-09-10,PM,6,0
101,2026-09-11,AM,6,0
101,2026-09-11,PM,8,0
101,2026-09-12,AM,4,0
101,2026-09-12,PM,5,0
101,2026-09-13,AM,5,0
101,2026-09-13,PM,7,1
101,2026-09-14,AM,8,0
101,2026-09-14,PM,6,0
101,2026-09-15,AM,8,0
101,2026-09-15,PM,8,0
101,2026-09-16,AM,7,1
101,2026-09-16,PM,6,0
101,2026-09-17,AM,8,0
101,2026-09-17,PM,6,0
101,2026-09-18,AM,5,0
101,2026-09-18,PM,6,0
101,2026-09-19,AM,6,1
101,2026-09-19,PM,7,0
101,2026-09-20,AM,4,0
101,2026-09-20,PM,8,0
101,2026-09-21,AM,5,0
101,2026-09-21,PM,4,0
101,2026-09-22,AM,7,0
101,2026-09-22,PM,5,0
101,2026-09-23,AM,7,0
101,2026-09-23,PM,8,0
102,2026-09-10,AM,8,0
102,2026-09-10,PM,4,0
102,2026-09-11,AM,7,0
102,2026-09-11,PM,7,0
102,2026-09-12,AM,7,0
102,2026-09-12,PM,5,0
102,2026-09-13,AM,6,0
102,2026-09-13,PM,4,0
102,2026-09-14,AM,8,0
102,2026-09-14,PM,4,0
102,2026-09-15,AM,8,0
102,2026-09-15,PM,7,0
102,2026-09-16,AM,8,0
102,2026-09-16,PM,5,0
102,2026-09-17,AM,6,0
102,2026-09-17,PM,6,0
102,2026-09-18,AM,5,0
102,2026-09-18,PM,7,0
102,2026-09-19,AM,5,0
102,2026-09-19,PM,7,0
102,2026-09-20,AM,4,1
102,2026-09-20,PM,8,0
102,2026-09-21,AM,7,0
102,2026-09-21,PM,7,0
102,2026-09-22,AM,6,0
102,2026-09-22,PM,7,0
102,2026-09-23,AM,5,0
102,2026-09-23,PM,7,0
103,2026-09-10,AM,7,0
103,2026-09-10,PM,5,0
103,2026-09-11,AM,4,0
103,2026-09-11,PM,5,0
103,2026-09-12,AM,6,1
103,2026-09-12,PM,8,0
103,2026-09-13,AM,7,0
103,2026-09-13,PM,7,1
103,2026-09-14,AM,4,0
103,2026-09-14,PM,7,0
103,2026-09-15,AM,5,0
103,2026-09-15,PM,5,0
103,2026-09-16,AM,6,0
103,2026-09-16,PM,7,0
103,2026-09-17,AM,4,0
103,2026-09-17,PM,6,0
103,2026-09-18,AM,4,0
103,2026-09-18,PM,7,0
103,2026-09-19,AM,5,0
103,2026-09-19,PM,7,0
103,2026-09-20,AM,8,0
103,2026-09-20,PM,6,0
103,2026-09-21,AM,4,0
103,2026-09-21,PM,4,0
103,2026-09-22,AM,4,1
103,2026-09-22,PM,7,0
103,2026-09-23,AM,6,0
103,2026-09-23,PM,7,0
104,2026-09-10,AM,6,1
104,2026-09-10,PM,4,0
104,2026-09-11,AM,7,0
104,2026-09-11,PM,7,0
104,2026-09-12,AM,5,0
104,2026-09-12,PM,5,0
104,2026-09-13,AM,6,0
104,2026-09-13,PM,8,0
104,2026-09-14,AM,7,0
104,2026-09-14,PM,4,0
104,2026-09-15,AM,4,0
104,2026-09-15,PM,6,0
104,2026-09-16,AM,8,0
104,2026-09-16,PM,4,0
104,2026-09-17,AM,4,1
104,2026-09-17,PM,5,1
104,2026-09-18,AM,8,0
104,2026-09-18,PM,8,0
104,2026-09-19,AM,8,1
104,2026-09-19,PM,5,0
104,2026-09-20,AM,6,0
104,2026-09-20,PM,8,0
104,2026-09-21,AM,7,0
104,2026-09-21,PM,4,0
104,2026-09-22,AM,4,1
104,2026-09-22,PM,4,0
104,2026-09-23,AM,8,0
104,2026-09-23,PM,7,0
105,2026-09-10,AM,4,0
105,2026-09-10,PM,8,0
105,2026-09-11,AM,8,0
105,2026-09-11,PM,5,0
105,2026-09-12,AM,5,0
105,2026-09-12,PM,8,0
105,2026-09-13,AM,4,0
105,2026-09-13,PM,8,0
105,2026-09-14,AM,8,0
105,2026-09-14,PM,8,0
105,2026-09-15,AM,8,0
105,2026-09-15,PM,5,0
105,2026-09-16,AM,5,0
105,2026-09-16,PM,6,0
105,2026-09-17,AM,8,0
105,2026-09-17,PM,7,0
105,2026-09-18,AM,6,0
105,2026-09-18,PM,6,0
105,2026-09-19,AM,5,0
105,2026-09-19,PM,7,0
105,2026-09-20,AM,6,0
105,2026-09-20,PM,4,0
105,2026-09-21,AM,7,0
105,2026-09-21,PM,4,0
105,2026-09-22,AM,7,0
105,2026-09-22,PM,5,0
105,2026-09-23,AM,4,0
105,2026-09-23,PM,8,0
106,2026-09-10,AM,6,0
106,2026-09-10,PM,8,1
106,2026-09-11,AM,4,0
106,2026-09-11,PM,6,0
106,2026-09-12,AM,5,0
106,2026-09-12,PM,8,0
106,2026-09-13,AM,6,0
106,2026-09-13,PM,6,0
106,2026-09-14,AM,6,0
106,2026-09-14,PM,4,0
106,2026-09-15,AM,6,1
106,2026-09-15,PM,5,0
106,2026-09-16,AM,7,0
106,2026-09-16,PM,5,0
106,2026-09-17,AM,5,0
106,2026-09-17,PM,8,0
106,2026-09-18,AM,5,0
106,2026-09-18,PM,5,0
106,2026-09-19,AM,6,0
106,2026-09-19,PM,7,0
106,2026-09-20,AM,8,1
106,2026-09-20,PM,7,0
106,2026-09-21,AM,5,0
106,2026-09-21,PM,4,0
106,2026-09-22,AM,4,0
106,2026-09-22,PM,6,0
106,2026-09-23,AM,4,0
106,2026-09-23,PM,6,0
107,2026-09-10,AM,7,0
107,2026-09-10,PM,4,0
107,2026-09-11,AM,6,0
107,2026-09-11,PM,6,0
107,2026-09-12,AM,6,0
107,2026-09-12,PM,7,0
107,2026-09-13,AM,5,0
107,2026-09-13,PM,8,1
107,2026-09-14,AM,6,0
107,2026-09-14,PM,4,0
107,2026-09-15,AM,5,0
107,2026-09-15,PM,8,1
107,2026-09-16,AM,7,0
107,2026-09-16,PM,5,0
107,2026-09-17,AM,5,0
107,2026-09-17,PM,4,0
107,2026-09-18,AM,5,0
107,2026-09-18,PM,6,0
107,2026-09-19,AM,7,0
107,2026-09-19,PM,8,0
107,2026-09-20,AM,8,0
107,2026-09-20,PM,4,0
107,2026-09-21,AM,6,0
107,2026-09-21,PM,4,0
107,2026-09-22,AM,4,0
107,2026-09-22,PM,8,0
107,2026-09-23,AM,8,1
107,2026-09-23,PM,6,0
108,2026-09-10,AM,6,0
108,2026-09-10,PM,7,0
108,2026-09-11,AM,6,1
108,2026-09-11,PM,8,0
108,2026-09-12,AM,5,0
108,2026-09-12,PM,5,0
108,2026-09-13,AM,6,0
108,2026-09-13,PM,4,0
108,2026-09-14,AM,6,0
108,2026-09-14,PM,6,0
108,2026-09-15,AM,7,0
108,2026-09-15,PM,4,1
108,2026-09-16,AM,7,0
108,2026-09-16,PM,4,0
108,2026-09-17,AM,5,0
108,2026-09-17,PM,7,0
108,2026-09-18,AM,4,0
108,2026-09-18,PM,6,0
108,2026-09-19,AM,8,1
108,2026-09-19,PM,7,0
108,2026-09-20,AM,8,0
108,2026-09-20,PM,8,0
108,2026-09-21,AM,4,0
108,2026-09-21,PM,6,0
108,2026-09-22,AM,5,0
108,2026-09-22,PM,4,0
108,2026-09-23,AM,8,0
108,2026-09-23,PM,8,0
201,2026-09-10,AM,7,0
201,2026-09-10,PM,5,0
201,2026-09-11,AM,4,1
201,2026-09-11,PM,8,0
201,2026-09-12,AM,8,1
201,2026-09-12,PM,8,0
201,2026-09-13,AM,7,0
201,2026-09-13,PM,6,1
201,2026-09-14,AM,4,0
201,2026-09-14,PM,8,1
201,2026-09-15,AM,4,0
201,2026-09-15,PM,4,0
201,2026-09-16,AM,6,0
201,2026-09-16,PM,4,0
201,2026-09-17,AM,7,0
201,2026-09-17,PM,7,0
201,2026-09-18,AM,6,1
201,2026-09-18,PM,4,0
201,2026-09-19,AM,5,0
201,2026-09-19,PM,5,1
201,2026-09-20,AM,5,0
201,2026-09-20,PM,7,0
201,2026-09-21,AM,4,0
201,2026-09-21,PM,7,0
201,2026-09-22,AM,8,0
201,2026-09-22,PM,4,0
201,2026-09-23,AM,4,0
201,2026-09-23,PM,5,0
202,2026-09-10,AM,7,0
202,2026-09-10,PM,7,0
202,2026-09-11,AM,8,0
202,2026-09-11,PM,7,0
202,2026-09-12,AM,7,0
202,2026-09-12,PM,6,0
202,2026-09-13,AM,5,0
202,2026-09-13,PM,6,1
202,2026-09-14,AM,7,0
202,2026-09-14,PM,7,0
202,2026-09-15,AM,5,0
202,2026-09-15,PM,4,0
202,2026-09-16,AM,5,0
202,2026-09-16,PM,4,0
202,2026-09-17,AM,4,0
202,2026-09-17,PM,7,0
202,2026-09-18,AM,8,0
202,2026-09-18,PM,6,0
202,2026-09-19,AM,6,0
202,2026-09-19,PM,7,0
202,2026-09-20,AM,6,0
202,2026-09-20,PM,5,0
202,2026-09-21,AM,4,0
202,2026-09-21,PM,8,0
202,2026-09-22,AM,6,0
202,2026-09-22,PM,6,0
202,2026-09-23,AM,4,0
202,2026-09-23,PM,4,0
203,2026-09-10,AM,5,0
203,2026-09-10,PM,5,0
203,2026-09-11,AM,4,0
203,2026-09-11,PM,7,0
203,2026-09-12,AM,5,0
203,2026-09-12,PM,4,0
203,2026-09-13,AM,6,0
203,2026-09-13,PM,8,0
203,2026-09-14,AM,7,1
203,2026-09-14,PM,6,0
203,2026-09-15,AM,7,0
203,2026-09-15,PM,4,0
203,2026-09-16,AM,6,1
203,2026-09-16,PM,6,0
203,2026-09-17,AM,8,0
203,2026-09-17,PM,4,1
203,2026-09-18,AM,5,1
203,2026-09-18,PM,7,0
203,2026-09-19,AM,7,1
203,2026-09-19,PM,5,0
203,2026-09-20,AM,7,0
203,2026-09-20,PM,8,0
203,2026-09-21,AM,7,0
203,2026-09-21,PM,8,1
203,2026-09-22,AM,4,0
203,2026-09-22,PM,8,0
203,2026-09-23,AM,5,0
203,2026-09-23,PM,5,0
204,2026-09-10,AM,8,0
204,2026-09-10,PM,8,1
204,2026-09-11,AM,6,0
204,2026-09-11,PM,4,1
204,2026-09-12,AM,8,0
204,2026-09-12,PM,5,0
204,2026-09-13,AM,4,0
204,2026-09-13,PM,4,0
204,2026-09-14,AM,7,0
204,2026-09-14,PM,4,0
204,2026-09-15,AM,4,0
204,2026-09-15,PM,5,0
204,2026-09-16,AM,4,0
204,2026-09-16,PM,4,0
204,2026-09-17,AM,7,1
204,2026-09-17,PM,4,0
204,2026-09-18,AM,6,0
204,2026-09-18,PM,8,0
204,2026-09-19,AM,7,0
204,2026-09-19,PM,5,1
204,2026-09-20,AM,4,0
204,2026-09-20,PM,4,0
204,2026-09-21,AM,7,0
204,2026-09-21,PM,7,0
204,2026-09-22,AM,6,0
204,2026-09-22,PM,7,1
204,2026-09-23,AM,7,0
204,2026-09-23,PM,6,1
205,2026-09-10,AM,5,0
205,2026-09-10,PM,4,0
205,2026-09-11,AM,4,0
205,2026-09-11,PM,5,1
205,2026-09-12,AM,8,0
205,2026-09-12,PM,7,0
205,2026-09-13,AM,7,0
205,2026-09-13,PM,4,0
205,2026-09-14,AM,8,0
205,2026-09-14,PM,8,0
205,2026-09-15,AM,7,1
205,2026-09-15,PM,7,0
205,2026-09-16,AM,4,0
205,2026-09-16,PM,6,0
205,2026-09-17,AM,6,0
205,2026-09-17,PM,7,0
205,2026-09-18,AM,5,1
205,2026-09-18,PM,7,0
205,2026-09-19,AM,5,0
205,2026-09-19,PM,8,0
205,2026-09-20,AM,8,0
205,2026-09-20,PM,7,0
205,2026-09-21,AM,5,0
205,2026-09-21,PM,6,0
205,2026-09-22,AM,6,0
205,2026-09-22,PM,5,0
205,2026-09-23,AM,5,0
205,2026-09-23,PM,4,0
206,2026-09-10,AM,6,0
206,2026-09-10,PM,5,0
206,2026-09-11,AM,6,0
206,2026-09-11,PM,6,0
206,2026-09-12,AM,8,0
206,2026-09-12,PM,4,0
206,2026-09-13,AM,6,0
206,2026-09-13,PM,4,0
206,2026-09-14,AM,4,0
206,2026-09-14,PM,4,0
206,2026-09-15,AM,5,1
206,2026-09-15,PM,7,0
206,2026-09-16,AM,7,0
206,2026-09-16,PM,8,0
206,2026-09-17,AM,5,0
206,2026-09-17,PM,4,0
206,2026-09-18,AM,4,0
206,2026-09-18,PM,8,0
206,2026-09-19,AM,8,0
206,2026-09-19,PM,8,0
206,2026-09-20,AM,5,1
206,2026-09-20,PM,6,0
206,2026-09-21,AM,5,0
206,2026-09-21,PM,5,0
206,2026-09-22,AM,8,0
206,2026-09-22,PM,4,1
206,2026-09-23,AM,5,0
206,2026-09-23,PM,4,0
207,2026-09-10,AM,8,0
207,2026-09-10,PM,7,0
207,2026-09-11,AM,6,0
207,2026-09-11,PM,4,0
207,2026-09-12,AM,8,0
207,2026-09-12,PM,7,0
207,2026-09-13,AM,5,0
207,2026-09-13,PM,6,0
207,2026-09-14,AM,8,0
207,2026-09-14,PM,8,1
207,2026-09-15,AM,6,0
207,2026-09-15,PM,8,0
207,2026-09-16,AM,4,0
207,2026-09-16,PM,8,0
207,2026-09-17,AM,6,0
207,2026-09-17,PM,4,1
207,2026-09-18,AM,8,0
207,2026-09-18,PM,4,0
207,2026-09-19,AM,8,0
207,2026-09-19,PM,8,0
207,2026-09-20,AM,5,0
207,2026-09-20,PM,7,0
207,2026-09-21,AM,5,0
207,2026-09-21,PM,4,0
207,2026-09-22,AM,8,0
207,2026-09-22,PM,5,0
207,2026-09-23,AM,8,0
207,2026-09-23,PM,8,0
208,2026-09-10,AM,7,0
208,2026-09-10,PM,6,0
208,2026-09-11,AM,8,0
208,2026-09-11,PM,8,0
208,2026-09-12,AM,7,0
208,2026-09-12,PM,6,0
208,2026-09-13,AM,5,0
208,2026-09-13,PM,7,0
208,2026-09-14,AM,4,0
208,2026-09-14,PM,4,0
208,2026-09-15,AM,6,0
208,2026-09-15,PM,8,0
208,2026-09-16,AM,8,0
208,2026-09-16,PM,4,0
208,2026-09-17,AM,8,0
208,2026-09-17,PM,8,0
208,2026-09-18,AM,5,0
208,2026-09-18,PM,8,0
208,2026-09-19,AM,8,0
208,2026-09-19,PM,7,0
208,2026-09-20,AM,4,0
208,2026-09-20,PM,5,0
208,2026-09-21,AM,7,0
208,2026-09-21,PM,6,0
208,2026-09-22,AM,8,0
208,2026-09-22,PM,8,0
208,2026-09-23,AM,4,0
208,2026-09-23,PM,6,0
