Store ID,Employee Token,Home ZIP,Home County,Home State,Shift,Scheduled Hours,Scheduled For Alert Window,On-call Eligible
101,EMP-101-01,75201,Dallas County,TX,AM,8.0,True,False
101,EMP-101-02,75204,Dallas County,TX,AM,8.0,True,False
101,EMP-101-03,76102,Tarrant County,TX,AM,8.0,True,False
101,EMP-101-04,77002,Harris County,TX,PM,8.0,True,False
101,EMP-101-05,76104,Tarrant County,TX,PM,8.0,True,False
101,EMP-101-06,75206,Dallas County,TX,ON-CALL,0.0,False,True
101,EMP-101-07,75216,Dallas County,TX,ON-CALL,0.0,False,True
102,EMP-102-01,76107,Tarrant County,TX,AM,8.0,True,False
102,EMP-102-02,76116,Tarrant County,TX,AM,8.0,True,False
102,EMP-102-03,75228,Dallas County,TX,AM,8.0,True,False
102,EMP-102-04,77007,Harris County,TX,PM,8.0,True,False
102,EMP-102-05,75023,Collin County,TX,PM,8.0,True,False
102,EMP-102-06,76132,Tarrant County,TX,ON-CALL,0.0,False,True
102,EMP-102-07,76010,Tarrant County,TX,ON-CALL,0.0,False,True
103,EMP-103-01,77019,Harris County,TX,AM,8.0,True,False
103,EMP-103-02,77040,Harris County,TX,AM,8.0,True,False
103,EMP-103-03,75235,Dallas County,TX,AM,8.0,True,False
103,EMP-103-04,76013,Tarrant County,TX,PM,8.0,True,False
103,EMP-103-05,76017,Tarrant County,TX,PM,8.0,True,False
103,EMP-103-06,77084,Harris County,TX,ON-CALL,0.0,False,True
103,EMP-103-07,77095,Harris County,TX,ON-CALL,0.0,False,True
104,EMP-104-01,76102,Tarrant County,TX,AM,8.0,True,False
104,EMP-104-02,76104,Tarrant County,TX,AM,8.0,True,False
104,EMP-104-03,75243,Dallas County,TX,AM,8.0,True,False
104,EMP-104-04,77002,Harris County,TX,PM,8.0,True,False
104,EMP-104-05,75024,Collin County,TX,PM,8.0,True,False
104,EMP-104-06,76107,Tarrant County,TX,ON-CALL,0.0,False,True
104,EMP-104-07,76116,Tarrant County,TX,ON-CALL,0.0,False,True
105,EMP-105-01,75025,Collin County,TX,AM,8.0,True,False
105,EMP-105-02,75069,Collin County,TX,AM,8.0,True,False
105,EMP-105-03,75149,Dallas County,TX,AM,8.0,True,False
105,EMP-105-04,76132,Tarrant County,TX,PM,8.0,True,False
105,EMP-105-05,77007,Harris County,TX,PM,8.0,True,False
105,EMP-105-06,75070,Collin County,TX,ON-CALL,0.0,False,True
105,EMP-105-07,75023,Collin County,TX,ON-CALL,0.0,False,True
106,EMP-106-01,78701,Travis County,TX,AM,8.0,True,False
106,EMP-106-02,78704,Travis County,TX,AM,8.0,True,False
106,EMP-106-03,75061,Dallas County,TX,AM,8.0,True,False
106,EMP-106-04,76010,Tarrant County,TX,PM,8.0,True,False
106,EMP-106-05,77019,Harris County,TX,PM,8.0,True,False
106,EMP-106-06,78745,Travis County,TX,ON-CALL,0.0,False,True
106,EMP-106-07,78753,Travis County,TX,ON-CALL,0.0,False,True
107,EMP-107-01,78205,Bexar County,TX,AM,8.0,True,False
107,EMP-107-02,78209,Bexar County,TX,AM,8.0,True,False
107,EMP-107-03,75201,Dallas County,TX,AM,8.0,True,False
107,EMP-107-04,76013,Tarrant County,TX,PM,8.0,True,False
107,EMP-107-05,77040,Harris County,TX,PM,8.0,True,False
107,EMP-107-06,78216,Bexar County,TX,ON-CALL,0.0,False,True
107,EMP-107-07,78240,Bexar County,TX,ON-CALL,0.0,False,True
108,EMP-108-01,79901,El Paso County,TX,AM,8.0,True,False
108,EMP-108-02,79902,El Paso County,TX,AM,8.0,True,False
108,EMP-108-03,75204,Dallas County,TX,AM,8.0,True,False
108,EMP-108-04,76017,Tarrant County,TX,PM,8.0,True,False
108,EMP-108-05,77084,Harris County,TX,PM,8.0,True,False
108,EMP-108-06,79912,El Paso County,TX,ON-CALL,0.0,False,True
108,EMP-108-07,79924,El Paso County,TX,ON-CALL,0.0,False,True
201,EMP-201-01,30303,Fulton County,GA,AM,8.0,True,False
201,EMP-201-02,30305,Fulton County,GA,AM,8.0,True,False
201,EMP-201-03,30030,DeKalb County,GA,AM,8.0,True,False
201,EMP-201-04,30060,Cobb County,GA,PM,8.0,True,False
201,EMP-201-05,31401,Chatham County,GA,PM,8.0,True,False
201,EMP-201-06,30309,Fulton County,GA,ON-CALL,0.0,False,True
201,EMP-201-07,30318,Fulton County,GA,ON-CALL,0.0,False,True
202,EMP-202-01,30032,DeKalb County,GA,AM,8.0,True,False
202,EMP-202-02,30033,DeKalb County,GA,AM,8.0,True,False
202,EMP-202-03,30327,Fulton County,GA,AM,8.0,True,False
202,EMP-202-04,30062,Cobb County,GA,PM,8.0,True,False
202,EMP-202-05,31404,Chatham County,GA,PM,8.0,True,False
202,EMP-202-06,30084,DeKalb County,GA,ON-CALL,0.0,False,True
202,EMP-202-07,30030,DeKalb County,GA,ON-CALL,0.0,False,True
203,EMP-203-01,30064,Cobb County,GA,AM,8.0,True,False
203,EMP-203-02,30066,Cobb County,GA,AM,8.0,True,False
203,EMP-203-03,30303,Fulton County,GA,AM,8.0,True,False
203,EMP-203-04,30032,DeKalb County,GA,PM,8.0,True,False
203,EMP-203-05,31405,Chatham County,GA,PM,8.0,True,False
203,EMP-203-06,30080,Cobb County,GA,ON-CALL,0.0,False,True
203,EMP-203-07,30060,Cobb County,GA,ON-CALL,0.0,False,True
204,EMP-204-01,31406,Chatham County,GA,AM,8.0,True,False
204,EMP-204-02,31419,Chatham County,GA,AM,8.0,True,False
204,EMP-204-03,30305,Fulton County,GA,AM,8.0,True,False
204,EMP-204-04,30033,DeKalb County,GA,PM,8.0,True,False
204,EMP-204-05,30062,Cobb County,GA,PM,8.0,True,False
204,EMP-204-06,31401,Chatham County,GA,ON-CALL,0.0,False,True
204,EMP-204-07,31404,Chatham County,GA,ON-CALL,0.0,False,True
205,EMP-205-01,30901,Richmond County,GA,AM,8.0,True,False
205,EMP-205-02,30904,Richmond County,GA,AM,8.0,True,False
205,EMP-205-03,30309,Fulton County,GA,AM,8.0,True,False
205,EMP-205-04,30084,DeKalb County,GA,PM,8.0,True,False
205,EMP-205-05,30064,Cobb County,GA,PM,8.0,True,False
205,EMP-205-06,30906,Richmond County,GA,ON-CALL,0.0,False,True
205,EMP-205-07,30907,Richmond County,GA,ON-CALL,0.0,False,True
206,EMP-206-01,31201,Bibb County,GA,AM,8.0,True,False
206,EMP-206-02,31204,Bibb County,GA,AM,8.0,True,False
206,EMP-206-03,30318,Fulton County,GA,AM,8.0,True,False
206,EMP-206-04,30030,DeKalb County,GA,PM,8.0,True,False
206,EMP-206-05,30066,Cobb County,GA,PM,8.0,True,False
206,EMP-206-06,31206,Bibb County,GA,ON-CALL,0.0,False,True
206,EMP-206-07,31210,Bibb County,GA,ON-CALL,0.0,False,True
207,EMP-207-01,31901,Muscogee County,GA,AM,8.0,True,False
207,EMP-207-02,31904,Muscogee County,GA,AM,8.0,True,False
207,EMP-207-03,30327,Fulton County,GA,AM,8.0,True,False
207,EMP-207-04,30032,DeKalb County,GA,PM,8.0,True,False
207,EMP-207-05,30080,Cobb County,GA,PM,8.0,True,False
207,EMP-207-06,31906,Muscogee County,GA,ON-CALL,0.0,False,True
207,EMP-207-07,31907,Muscogee County,GA,ON-CALL,0.0,False,True
208,EMP-208-01,30601,Clarke County,GA,AM,8.0,True,False
208,EMP-208-02,30605,Clarke County,GA,AM,8.0,True,False
208,EMP-208-03,30303,Fulton County,GA,AM,8.0,True,False
208,EMP-208-04,30033,DeKalb County,GA,PM,8.0,True,False
208,EMP-208-05,30060,Cobb County,GA,PM,8.0,True,False
208,EMP-208-06,30606,Clarke County,GA,ON-CALL,0.0,False,True
208,EMP-208-07,30607,Clarke County,GA,ON-CALL,0.0,False,True
