Store ID,UPC,DC ID,Rank,Transit Hours,Service Level,Active
101,049000028911,DC-TX1,1,1.0,primary,True
101,049000028911,DC-TX2,2,1.6,backup,True
101,039800011906,DC-TX1,1,1.0,primary,True
101,039800011906,DC-TX2,2,1.6,backup,True
101,030878004508,DC-TX1,1,1.0,primary,True
101,030878004508,DC-TX2,2,1.6,backup,True
101,041303011003,DC-TX1,1,1.0,primary,True
101,041303011003,DC-TX2,2,1.6,backup,True
101,052088880018,DC-TX1,1,1.0,primary,True
101,052088880018,DC-TX2,2,1.6,backup,True
101,073168300019,DC-TX1,1,1.0,primary,True
101,073168300019,DC-TX2,2,1.6,backup,True
101,072140010027,DC-TX1,1,1.0,primary,True
101,072140010027,DC-TX2,2,1.6,backup,True
101,051500255162,DC-TX1,2,1.0,backup,True
101,051500255162,DC-TX2,1,1.6,primary,True
101,016000275867,DC-TX1,2,1.0,backup,True
101,016000275867,DC-TX2,1,1.6,primary,True
101,051000012516,DC-TX1,2,1.0,backup,True
101,051000012516,DC-TX2,1,1.6,primary,True
101,070038640119,DC-TX1,2,1.0,backup,True
101,070038640119,DC-TX2,1,1.6,primary,True
101,028400090460,DC-TX1,2,1.0,backup,True
101,028400090460,DC-TX2,1,1.6,primary,True
101,073730002104,DC-TX1,2,1.0,backup,True
101,073730002104,DC-TX2,1,1.6,primary,True
101,300871231218,DC-TX1,2,1.0,backup,True
101,300871231218,DC-TX2,1,1.6,primary,True
101,017800130039,DC-TX1,1,1.0,primary,True
101,017800130039,DC-TX2,2,1.6,backup,True
101,037000127109,DC-TX1,1,1.0,primary,True
101,037000127109,DC-TX2,2,1.6,backup,True
101,030772057008,DC-TX1,1,1.0,primary,True
101,030772057008,DC-TX2,2,1.6,backup,True
101,037000424116,DC-TX1,2,1.0,backup,True
101,037000424116,DC-TX2,1,1.6,primary,True
101,080878179271,DC-TX1,2,1.0,backup,True
101,080878179271,DC-TX2,1,1.6,primary,True
101,301871220013,DC-TX1,2,1.0,backup,True
101,301871220013,DC-TX2,1,1.6,primary,True
101,081234567895,DC-TX1,1,1.0,primary,True
101,081234567895,DC-TX2,2,1.6,backup,True
102,049000028911,DC-TX1,1,1.6,primary,True
102,049000028911,DC-TX2,2,1.0,backup,True
102,039800011906,DC-TX1,1,1.6,primary,True
102,039800011906,DC-TX2,2,1.0,backup,True
102,030878004508,DC-TX1,1,1.6,primary,True
102,030878004508,DC-TX2,2,1.0,backup,True
102,041303011003,DC-TX1,1,1.6,primary,True
102,041303011003,DC-TX2,2,1.0,backup,True
102,052088880018,DC-TX1,1,1.6,primary,True
102,052088880018,DC-TX2,2,1.0,backup,True
102,073168300019,DC-TX1,1,1.6,primary,True
102,073168300019,DC-TX2,2,1.0,backup,True
102,072140010027,DC-TX1,1,1.6,primary,True
102,072140010027,DC-TX2,2,1.0,backup,True
102,051500255162,DC-TX1,2,1.6,backup,True
102,051500255162,DC-TX2,1,1.0,primary,True
102,016000275867,DC-TX1,2,1.6,backup,True
102,016000275867,DC-TX2,1,1.0,primary,True
102,051000012516,DC-TX1,2,1.6,backup,True
102,051000012516,DC-TX2,1,1.0,primary,True
102,070038640119,DC-TX1,2,1.6,backup,True
102,070038640119,DC-TX2,1,1.0,primary,True
102,028400090460,DC-TX1,2,1.6,backup,True
102,028400090460,DC-TX2,1,1.0,primary,True
102,073730002104,DC-TX1,2,1.6,backup,True
102,073730002104,DC-TX2,1,1.0,primary,True
102,300871231218,DC-TX1,2,1.6,backup,True
102,300871231218,DC-TX2,1,1.0,primary,True
102,017800130039,DC-TX1,1,1.6,primary,True
102,017800130039,DC-TX2,2,1.0,backup,True
102,037000127109,DC-TX1,1,1.6,primary,True
102,037000127109,DC-TX2,2,1.0,backup,True
102,030772057008,DC-TX1,1,1.6,primary,True
102,030772057008,DC-TX2,2,1.0,backup,True
102,037000424116,DC-TX1,2,1.6,backup,True
102,037000424116,DC-TX2,1,1.0,primary,True
102,080878179271,DC-TX1,2,1.6,backup,True
102,080878179271,DC-TX2,1,1.0,primary,True
102,301871220013,DC-TX1,2,1.6,backup,True
102,301871220013,DC-TX2,1,1.0,primary,True
102,081234567895,DC-TX1,1,1.6,primary,True
102,081234567895,DC-TX2,2,1.0,backup,True
103,049000028911,DC-TX1,1,5.7,primary,True
103,049000028911,DC-TX2,2,6.0,backup,True
103,039800011906,DC-TX1,1,5.7,primary,True
103,039800011906,DC-TX2,2,6.0,backup,True
103,030878004508,DC-TX1,1,5.7,primary,True
103,030878004508,DC-TX2,2,6.0,backup,True
103,041303011003,DC-TX1,1,5.7,primary,True
103,041303011003,DC-TX2,2,6.0,backup,True
103,052088880018,DC-TX1,1,5.7,primary,True
103,052088880018,DC-TX2,2,6.0,backup,True
103,073168300019,DC-TX1,1,5.7,primary,True
103,073168300019,DC-TX2,2,6.0,backup,True
103,072140010027,DC-TX1,1,5.7,primary,True
103,072140010027,DC-TX2,2,6.0,backup,True
103,051500255162,DC-TX1,2,5.7,backup,True
103,051500255162,DC-TX2,1,6.0,primary,True
103,016000275867,DC-TX1,2,5.7,backup,True
103,016000275867,DC-TX2,1,6.0,primary,True
103,051000012516,DC-TX1,2,5.7,backup,True
103,051000012516,DC-TX2,1,6.0,primary,True
103,070038640119,DC-TX1,2,5.7,backup,True
103,070038640119,DC-TX2,1,6.0,primary,True
103,028400090460,DC-TX1,2,5.7,backup,True
103,028400090460,DC-TX2,1,6.0,primary,True
103,073730002104,DC-TX1,2,5.7,backup,True
103,073730002104,DC-TX2,1,6.0,primary,True
103,300871231218,DC-TX1,2,5.7,backup,True
103,300871231218,DC-TX2,1,6.0,primary,True
103,017800130039,DC-TX1,1,5.7,primary,True
103,017800130039,DC-TX2,2,6.0,backup,True
103,037000127109,DC-TX1,1,5.7,primary,True
103,037000127109,DC-TX2,2,6.0,backup,True
103,030772057008,DC-TX1,1,5.7,primary,True
103,030772057008,DC-TX2,2,6.0,backup,True
103,037000424116,DC-TX1,2,5.7,backup,True
103,037000424116,DC-TX2,1,6.0,primary,True
103,080878179271,DC-TX1,2,5.7,backup,True
103,080878179271,DC-TX2,1,6.0,primary,True
103,301871220013,DC-TX1,2,5.7,backup,True
103,301871220013,DC-TX2,1,6.0,primary,True
103,081234567895,DC-TX1,1,5.7,primary,True
103,081234567895,DC-TX2,2,6.0,backup,True
104,049000028911,DC-TX1,1,1.4,primary,True
104,049000028911,DC-TX2,2,1.3,backup,True
104,039800011906,DC-TX1,1,1.4,primary,True
104,039800011906,DC-TX2,2,1.3,backup,True
104,030878004508,DC-TX1,1,1.4,primary,True
104,030878004508,DC-TX2,2,1.3,backup,True
104,041303011003,DC-TX1,1,1.4,primary,True
104,041303011003,DC-TX2,2,1.3,backup,True
104,052088880018,DC-TX1,1,1.4,primary,True
104,052088880018,DC-TX2,2,1.3,backup,True
104,073168300019,DC-TX1,1,1.4,primary,True
104,073168300019,DC-TX2,2,1.3,backup,True
104,072140010027,DC-TX1,1,1.4,primary,True
104,072140010027,DC-TX2,2,1.3,backup,True
104,051500255162,DC-TX1,2,1.4,backup,True
104,051500255162,DC-TX2,1,1.3,primary,True
104,016000275867,DC-TX1,2,1.4,backup,True
104,016000275867,DC-TX2,1,1.3,primary,True
104,051000012516,DC-TX1,2,1.4,backup,True
104,051000012516,DC-TX2,1,1.3,primary,True
104,070038640119,DC-TX1,2,1.4,backup,True
104,070038640119,DC-TX2,1,1.3,primary,True
104,028400090460,DC-TX1,2,1.4,backup,True
104,028400090460,DC-TX2,1,1.3,primary,True
104,073730002104,DC-TX1,2,1.4,backup,True
104,073730002104,DC-TX2,1,1.3,primary,True
104,300871231218,DC-TX1,2,1.4,backup,True
104,300871231218,DC-TX2,1,1.3,primary,True
104,017800130039,DC-TX1,1,1.4,primary,True
104,017800130039,DC-TX2,2,1.3,backup,True
104,037000127109,DC-TX1,1,1.4,primary,True
104,037000127109,DC-TX2,2,1.3,backup,True
104,030772057008,DC-TX1,1,1.4,primary,True
104,030772057008,DC-TX2,2,1.3,backup,True
104,037000424116,DC-TX1,2,1.4,backup,True
104,037000424116,DC-TX2,1,1.3,primary,True
104,080878179271,DC-TX1,2,1.4,backup,True
104,080878179271,DC-TX2,1,1.3,primary,True
104,301871220013,DC-TX1,2,1.4,backup,True
104,301871220013,DC-TX2,1,1.3,primary,True
104,081234567895,DC-TX1,1,1.4,primary,True
104,081234567895,DC-TX2,2,1.3,backup,True
105,049000028911,DC-TX1,1,1.4,primary,True
105,049000028911,DC-TX2,2,1.9,backup,True
105,039800011906,DC-TX1,1,1.4,primary,True
105,039800011906,DC-TX2,2,1.9,backup,True
105,030878004508,DC-TX1,1,1.4,primary,True
105,030878004508,DC-TX2,2,1.9,backup,True
105,041303011003,DC-TX2,1,1.9,primary,True
105,041303011003,DC-TX1,2,1.4,backup,True
105,052088880018,DC-TX1,1,1.4,primary,True
105,052088880018,DC-TX2,2,1.9,backup,True
105,073168300019,DC-TX1,1,1.4,primary,True
105,073168300019,DC-TX2,2,1.9,backup,True
105,072140010027,DC-TX1,1,1.4,primary,True
105,072140010027,DC-TX2,2,1.9,backup,True
105,051500255162,DC-TX1,2,1.4,backup,True
105,051500255162,DC-TX2,1,1.9,primary,True
105,016000275867,DC-TX1,2,1.4,backup,True
105,016000275867,DC-TX2,1,1.9,primary,True
105,051000012516,DC-TX1,2,1.4,backup,True
105,051000012516,DC-TX2,1,1.9,primary,True
105,070038640119,DC-TX1,2,1.4,backup,True
105,070038640119,DC-TX2,1,1.9,primary,True
105,028400090460,DC-TX1,2,1.4,backup,True
105,028400090460,DC-TX2,1,1.9,primary,True
105,073730002104,DC-TX1,2,1.4,backup,True
105,073730002104,DC-TX2,1,1.9,primary,True
105,300871231218,DC-TX1,2,1.4,backup,True
105,300871231218,DC-TX2,1,1.9,primary,True
105,017800130039,DC-TX1,1,1.4,primary,True
105,017800130039,DC-TX2,2,1.9,backup,True
105,037000127109,DC-TX1,1,1.4,primary,True
105,037000127109,DC-TX2,2,1.9,backup,True
105,030772057008,DC-TX1,1,1.4,primary,True
105,030772057008,DC-TX2,2,1.9,backup,True
105,037000424116,DC-TX1,2,1.4,backup,True
105,037000424116,DC-TX2,1,1.9,primary,True
105,080878179271,DC-TX1,2,1.4,backup,True
105,080878179271,DC-TX2,1,1.9,primary,True
105,301871220013,DC-TX1,2,1.4,backup,True
105,301871220013,DC-TX2,1,1.9,primary,True
105,081234567895,DC-TX1,1,1.4,primary,True
105,081234567895,DC-TX2,2,1.9,backup,True
106,049000028911,DC-TX1,1,4.8,primary,True
106,049000028911,DC-TX2,2,4.6,backup,True
106,039800011906,DC-TX1,1,4.8,primary,True
106,039800011906,DC-TX2,2,4.6,backup,True
106,030878004508,DC-TX1,1,4.8,primary,True
106,030878004508,DC-TX2,2,4.6,backup,True
106,041303011003,DC-TX1,1,4.8,primary,True
106,041303011003,DC-TX2,2,4.6,backup,True
106,052088880018,DC-TX1,1,4.8,primary,True
106,052088880018,DC-TX2,2,4.6,backup,True
106,073168300019,DC-TX1,1,4.8,primary,True
106,073168300019,DC-TX2,2,40.0,backup,True
106,072140010027,DC-TX1,1,4.8,primary,True
106,072140010027,DC-TX2,2,4.6,backup,True
106,051500255162,DC-TX1,2,4.8,backup,True
106,051500255162,DC-TX2,1,4.6,primary,True
106,016000275867,DC-TX1,2,4.8,backup,True
106,016000275867,DC-TX2,1,4.6,primary,True
106,051000012516,DC-TX1,2,4.8,backup,True
106,051000012516,DC-TX2,1,4.6,primary,True
106,070038640119,DC-TX1,2,4.8,backup,True
106,070038640119,DC-TX2,1,4.6,primary,True
106,028400090460,DC-TX1,2,4.8,backup,True
106,028400090460,DC-TX2,1,4.6,primary,True
106,073730002104,DC-TX1,2,4.8,backup,True
106,073730002104,DC-TX2,1,4.6,primary,True
106,300871231218,DC-TX1,2,4.8,backup,True
106,300871231218,DC-TX2,1,4.6,primary,True
106,017800130039,DC-TX1,1,4.8,primary,True
106,017800130039,DC-TX2,2,4.6,backup,True
106,037000127109,DC-TX1,1,4.8,primary,True
106,037000127109,DC-TX2,2,4.6,backup,True
106,030772057008,DC-TX1,1,4.8,primary,True
106,030772057008,DC-TX2,2,4.6,backup,True
106,037000424116,DC-TX1,2,4.8,backup,True
106,037000424116,DC-TX2,1,4.6,primary,True
106,080878179271,DC-TX1,2,4.8,backup,True
106,080878179271,DC-TX2,1,4.6,primary,True
106,301871220013,DC-TX1,2,4.8,backup,True
106,301871220013,DC-TX2,1,4.6,primary,True
106,081234567895,DC-TX1,1,4.8,primary,True
106,081234567895,DC-TX2,2,4.6,backup,True
107,049000028911,DC-TX1,1,6.3,primary,True
107,049000028911,DC-TX2,2,6.0,backup,True
107,039800011906,DC-TX1,1,6.3,primary,True
107,039800011906,DC-TX2,2,6.0,backup,True
107,030878004508,DC-TX1,1,6.3,primary,True
107,030878004508,DC-TX2,2,6.0,backup,True
107,041303011003,DC-TX1,1,6.3,primary,True
107,041303011003,DC-TX2,2,6.0,backup,True
107,052088880018,DC-TX1,1,6.3,primary,True
107,052088880018,DC-TX2,2,6.0,backup,True
107,073168300019,DC-TX1,1,6.3,primary,True
107,073168300019,DC-TX2,2,6.0,backup,True
107,072140010027,DC-TX1,1,6.3,primary,True
107,072140010027,DC-TX2,2,6.0,backup,True
107,051500255162,DC-TX1,2,6.3,backup,True
107,051500255162,DC-TX2,1,6.0,primary,True
107,016000275867,DC-TX1,2,6.3,backup,True
107,016000275867,DC-TX2,1,6.0,primary,True
107,051000012516,DC-TX1,2,6.3,backup,True
107,051000012516,DC-TX2,1,6.0,primary,True
107,070038640119,DC-TX1,2,6.3,backup,True
107,070038640119,DC-TX2,1,6.0,primary,True
107,028400090460,DC-TX1,2,6.3,backup,True
107,028400090460,DC-TX2,1,6.0,primary,True
107,073730002104,DC-TX1,2,6.3,backup,True
107,073730002104,DC-TX2,1,6.0,primary,True
107,300871231218,DC-TX1,2,6.3,backup,True
107,300871231218,DC-TX2,1,6.0,primary,True
107,017800130039,DC-TX1,1,6.3,primary,True
107,017800130039,DC-TX2,2,6.0,backup,True
107,037000127109,DC-TX1,1,6.3,primary,True
107,037000127109,DC-TX2,2,6.0,backup,True
107,030772057008,DC-TX1,1,6.3,primary,True
107,030772057008,DC-TX2,2,6.0,backup,True
107,037000424116,DC-TX1,2,6.3,backup,True
107,037000424116,DC-TX2,1,6.0,primary,True
107,080878179271,DC-TX1,2,6.3,backup,True
107,080878179271,DC-TX2,1,6.0,primary,True
107,301871220013,DC-TX1,2,6.3,backup,True
107,301871220013,DC-TX2,1,6.0,primary,True
107,081234567895,DC-TX1,1,6.3,primary,True
107,081234567895,DC-TX2,2,6.0,backup,True
108,049000028911,DC-TX1,1,12.9,primary,True
108,049000028911,DC-TX2,2,12.3,backup,True
108,039800011906,DC-TX1,1,12.9,primary,True
108,039800011906,DC-TX2,2,12.3,backup,True
108,030878004508,DC-TX1,1,12.9,primary,True
108,030878004508,DC-TX2,2,12.3,backup,True
108,041303011003,DC-TX1,1,12.9,primary,True
108,041303011003,DC-TX2,2,12.3,backup,True
108,052088880018,DC-TX1,1,12.9,primary,True
108,052088880018,DC-TX2,2,12.3,backup,True
108,073168300019,DC-TX1,1,12.9,primary,True
108,073168300019,DC-TX2,2,12.3,backup,True
108,072140010027,DC-TX1,1,12.9,primary,True
108,072140010027,DC-TX2,2,12.3,backup,True
108,051500255162,DC-TX1,2,12.9,backup,True
108,051500255162,DC-TX2,1,12.3,primary,True
108,016000275867,DC-TX1,2,12.9,backup,True
108,016000275867,DC-TX2,1,12.3,primary,True
108,051000012516,DC-TX1,2,12.9,backup,True
108,051000012516,DC-TX2,1,12.3,primary,True
108,070038640119,DC-TX1,2,12.9,backup,True
108,070038640119,DC-TX2,1,12.3,primary,True
108,028400090460,DC-TX1,2,12.9,backup,True
108,028400090460,DC-TX2,1,12.3,primary,True
108,073730002104,DC-TX1,2,12.9,backup,True
108,073730002104,DC-TX2,1,12.3,primary,True
108,300871231218,DC-TX1,2,12.9,backup,True
108,300871231218,DC-TX2,1,12.3,primary,True
108,017800130039,DC-TX1,1,12.9,primary,True
108,017800130039,DC-TX2,2,12.3,backup,True
108,037000127109,DC-TX1,1,12.9,primary,True
108,037000127109,DC-TX2,2,12.3,backup,True
108,030772057008,DC-TX1,1,12.9,primary,True
108,030772057008,DC-TX2,2,12.3,backup,True
108,037000424116,DC-TX1,2,12.9,backup,True
108,037000424116,DC-TX2,1,12.3,primary,True
108,080878179271,DC-TX1,2,12.9,backup,True
108,080878179271,DC-TX2,1,12.3,primary,True
108,301871220013,DC-TX1,2,12.9,backup,True
108,301871220013,DC-TX2,1,12.3,primary,True
108,081234567895,DC-TX1,1,12.9,primary,True
108,081234567895,DC-TX2,2,12.3,backup,True
201,049000028911,DC-GA1,1,1.0,primary,True
201,049000028911,DC-GA2,2,2.6,backup,True
201,039800011906,DC-GA1,1,1.0,primary,True
201,039800011906,DC-GA2,2,2.6,backup,True
201,030878004508,DC-GA1,1,1.0,primary,True
201,030878004508,DC-GA2,2,2.6,backup,True
201,041303011003,DC-GA1,1,1.0,primary,True
201,041303011003,DC-GA2,2,2.6,backup,True
201,052088880018,DC-GA1,1,1.0,primary,True
201,052088880018,DC-GA2,2,2.6,backup,True
201,073168300019,DC-GA1,1,1.0,primary,True
201,073168300019,DC-GA2,2,2.6,backup,True
201,072140010027,DC-GA1,1,1.0,primary,True
201,072140010027,DC-GA2,2,2.6,backup,True
201,051500255162,DC-GA1,2,1.0,backup,True
201,051500255162,DC-GA2,1,2.6,primary,True
201,016000275867,DC-GA1,2,1.0,backup,True
201,016000275867,DC-GA2,1,2.6,primary,True
201,051000012516,DC-GA1,2,1.0,backup,True
201,051000012516,DC-GA2,1,2.6,primary,True
201,070038640119,DC-GA1,2,1.0,backup,True
201,070038640119,DC-GA2,1,2.6,primary,True
201,028400090460,DC-GA1,2,1.0,backup,True
201,028400090460,DC-GA2,1,2.6,primary,True
201,073730002104,DC-GA1,2,1.0,backup,True
201,073730002104,DC-GA2,1,2.6,primary,True
201,300871231218,DC-GA1,2,1.0,backup,True
201,300871231218,DC-GA2,1,2.6,primary,True
201,017800130039,DC-GA1,1,1.0,primary,True
201,017800130039,DC-GA2,2,2.6,backup,True
201,037000127109,DC-GA1,1,1.0,primary,True
201,037000127109,DC-GA2,2,2.6,backup,True
201,030772057008,DC-GA1,1,1.0,primary,True
201,030772057008,DC-GA2,2,2.6,backup,True
201,037000424116,DC-GA1,2,1.0,backup,True
201,037000424116,DC-GA2,1,2.6,primary,True
201,080878179271,DC-GA1,2,1.0,backup,True
201,080878179271,DC-GA2,1,2.6,primary,True
201,301871220013,DC-GA1,2,1.0,backup,True
201,301871220013,DC-GA2,1,2.6,primary,True
201,081234567895,DC-GA1,1,1.0,primary,True
201,081234567895,DC-GA2,2,2.6,backup,True
202,049000028911,DC-GA1,2,1.1,backup,True
202,049000028911,DC-GA2,1,2.6,primary,True
202,039800011906,DC-GA1,1,1.1,primary,True
202,039800011906,DC-GA2,2,2.6,backup,True
202,030878004508,DC-GA1,1,1.1,primary,True
202,030878004508,DC-GA2,2,2.6,backup,True
202,041303011003,DC-GA1,1,1.1,primary,True
202,041303011003,DC-GA2,2,2.6,backup,True
202,052088880018,DC-GA1,1,1.1,primary,True
202,052088880018,DC-GA2,2,2.6,backup,True
202,073168300019,DC-GA1,1,1.1,primary,True
202,073168300019,DC-GA2,2,2.6,backup,True
202,072140010027,DC-GA1,1,1.1,primary,True
202,072140010027,DC-GA2,2,2.6,backup,True
202,051500255162,DC-GA1,2,1.1,backup,True
202,051500255162,DC-GA2,1,2.6,primary,True
202,016000275867,DC-GA1,2,1.1,backup,True
202,016000275867,DC-GA2,1,2.6,primary,True
202,051000012516,DC-GA1,2,1.1,backup,True
202,051000012516,DC-GA2,1,2.6,primary,True
202,070038640119,DC-GA1,2,1.1,backup,True
202,070038640119,DC-GA2,1,2.6,primary,True
202,028400090460,DC-GA1,2,1.1,backup,True
202,028400090460,DC-GA2,1,2.6,primary,True
202,073730002104,DC-GA1,2,1.1,backup,True
202,073730002104,DC-GA2,1,2.6,primary,True
202,300871231218,DC-GA1,2,1.1,backup,True
202,300871231218,DC-GA2,1,2.6,primary,True
202,017800130039,DC-GA1,1,1.1,primary,True
202,017800130039,DC-GA2,2,2.6,backup,True
202,037000127109,DC-GA1,1,1.1,primary,True
202,037000127109,DC-GA2,2,2.6,backup,True
202,030772057008,DC-GA1,1,1.1,primary,True
202,030772057008,DC-GA2,2,2.6,backup,True
202,037000424116,DC-GA1,2,1.1,backup,True
202,037000424116,DC-GA2,1,2.6,primary,True
202,080878179271,DC-GA1,2,1.1,backup,True
202,080878179271,DC-GA2,1,2.6,primary,True
202,301871220013,DC-GA1,2,1.1,backup,True
202,301871220013,DC-GA2,1,2.6,primary,True
202,081234567895,DC-GA1,1,1.1,primary,True
202,081234567895,DC-GA2,2,2.6,backup,True
203,049000028911,DC-GA1,1,1.4,primary,True
203,049000028911,DC-GA2,2,3.0,backup,True
203,039800011906,DC-GA1,1,1.4,primary,True
203,039800011906,DC-GA2,2,3.0,backup,True
203,030878004508,DC-GA1,1,1.4,primary,True
203,030878004508,DC-GA2,2,3.0,backup,True
203,041303011003,DC-GA1,1,1.4,primary,True
203,041303011003,DC-GA2,2,3.0,backup,True
203,052088880018,DC-GA1,1,1.4,primary,True
203,052088880018,DC-GA2,2,3.0,backup,True
203,073168300019,DC-GA1,1,1.4,primary,True
203,073168300019,DC-GA2,2,3.0,backup,True
203,072140010027,DC-GA1,1,1.4,primary,True
203,072140010027,DC-GA2,2,3.0,backup,True
203,051500255162,DC-GA1,2,1.4,backup,True
203,051500255162,DC-GA2,1,3.0,primary,True
203,016000275867,DC-GA1,2,1.4,backup,True
203,016000275867,DC-GA2,1,3.0,primary,True
203,051000012516,DC-GA1,2,1.4,backup,True
203,051000012516,DC-GA2,1,3.0,primary,True
203,070038640119,DC-GA1,2,1.4,backup,True
203,070038640119,DC-GA2,1,3.0,primary,True
203,028400090460,DC-GA1,2,1.4,backup,True
203,028400090460,DC-GA2,1,3.0,primary,True
203,073730002104,DC-GA1,2,1.4,backup,True
203,073730002104,DC-GA2,1,3.0,primary,True
203,300871231218,DC-GA1,2,1.4,backup,True
203,300871231218,DC-GA2,1,3.0,primary,True
203,017800130039,DC-GA1,1,1.4,primary,True
203,017800130039,DC-GA2,2,3.0,backup,True
203,037000127109,DC-GA1,1,1.4,primary,True
203,037000127109,DC-GA2,2,3.0,backup,True
203,030772057008,DC-GA1,1,1.4,primary,True
203,030772057008,DC-GA2,2,3.0,backup,True
203,037000424116,DC-GA1,2,1.4,backup,True
203,037000424116,DC-GA2,1,3.0,primary,True
203,080878179271,DC-GA1,2,1.4,backup,True
203,080878179271,DC-GA2,1,3.0,primary,True
203,301871220013,DC-GA1,2,1.4,backup,True
203,301871220013,DC-GA2,1,3.0,primary,True
203,081234567895,DC-GA1,1,1.4,primary,True
203,081234567895,DC-GA2,2,3.0,backup,True
204,049000028911,DC-GA1,1,5.7,primary,True
204,049000028911,DC-GA2,2,4.3,backup,True
204,039800011906,DC-GA1,1,5.7,primary,True
204,039800011906,DC-GA2,2,4.3,backup,True
204,030878004508,DC-GA1,1,5.7,primary,True
204,030878004508,DC-GA2,2,4.3,backup,True
204,041303011003,DC-GA1,1,5.7,primary,True
204,041303011003,DC-GA2,2,4.3,backup,True
204,052088880018,DC-GA1,1,5.7,primary,True
204,052088880018,DC-GA2,2,4.3,backup,True
204,073168300019,DC-GA1,1,5.7,primary,True
204,073168300019,DC-GA2,2,4.3,backup,True
204,072140010027,DC-GA1,1,5.7,primary,True
204,072140010027,DC-GA2,2,4.3,backup,True
204,051500255162,DC-GA1,2,5.7,backup,True
204,051500255162,DC-GA2,1,4.3,primary,True
204,016000275867,DC-GA1,2,5.7,backup,True
204,016000275867,DC-GA2,1,4.3,primary,True
204,051000012516,DC-GA1,2,5.7,backup,True
204,051000012516,DC-GA2,1,4.3,primary,True
204,070038640119,DC-GA1,2,5.7,backup,True
204,070038640119,DC-GA2,1,4.3,primary,True
204,028400090460,DC-GA1,2,5.7,backup,True
204,028400090460,DC-GA2,1,4.3,primary,True
204,073730002104,DC-GA1,2,5.7,backup,True
204,073730002104,DC-GA2,1,4.3,primary,True
204,300871231218,DC-GA1,2,5.7,backup,True
204,300871231218,DC-GA2,1,4.3,primary,True
204,017800130039,DC-GA1,1,5.7,primary,True
204,017800130039,DC-GA2,2,4.3,backup,True
204,037000127109,DC-GA1,1,5.7,primary,True
204,037000127109,DC-GA2,2,4.3,backup,True
204,030772057008,DC-GA1,1,5.7,primary,True
204,030772057008,DC-GA2,2,4.3,backup,True
204,037000424116,DC-GA1,2,5.7,backup,True
204,037000424116,DC-GA2,1,4.3,primary,True
204,080878179271,DC-GA1,2,5.7,backup,True
204,080878179271,DC-GA2,1,4.3,primary,True
204,301871220013,DC-GA1,2,5.7,backup,True
204,301871220013,DC-GA2,1,4.3,primary,True
204,081234567895,DC-GA1,1,5.7,primary,True
204,081234567895,DC-GA2,2,4.3,backup,True
205,049000028911,DC-GA1,1,3.9,primary,True
205,049000028911,DC-GA2,2,3.2,backup,True
205,039800011906,DC-GA1,1,3.9,primary,True
205,039800011906,DC-GA2,2,3.2,backup,True
205,030878004508,DC-GA1,1,3.9,primary,True
205,030878004508,DC-GA2,2,3.2,backup,True
205,041303011003,DC-GA1,1,3.9,primary,True
205,041303011003,DC-GA2,2,3.2,backup,True
205,052088880018,DC-GA1,1,3.9,primary,True
205,052088880018,DC-GA2,2,3.2,backup,True
205,073168300019,DC-GA1,1,3.9,primary,True
205,073168300019,DC-GA2,2,3.2,backup,True
205,072140010027,DC-GA1,1,3.9,primary,True
205,072140010027,DC-GA2,2,3.2,backup,True
205,051500255162,DC-GA1,2,3.9,backup,True
205,051500255162,DC-GA2,1,3.2,primary,True
205,016000275867,DC-GA1,2,3.9,backup,True
205,016000275867,DC-GA2,1,3.2,primary,True
205,051000012516,DC-GA1,2,3.9,backup,True
205,051000012516,DC-GA2,1,3.2,primary,True
205,070038640119,DC-GA1,2,3.9,backup,True
205,070038640119,DC-GA2,1,3.2,primary,True
205,028400090460,DC-GA1,2,3.9,backup,True
205,028400090460,DC-GA2,1,3.2,primary,True
205,073730002104,DC-GA1,2,3.9,backup,True
205,073730002104,DC-GA2,1,3.2,primary,True
205,300871231218,DC-GA1,2,3.9,backup,True
205,300871231218,DC-GA2,1,3.2,primary,True
205,017800130039,DC-GA1,1,3.9,primary,True
205,017800130039,DC-GA2,2,3.2,backup,True
205,037000127109,DC-GA1,1,3.9,primary,True
205,037000127109,DC-GA2,2,3.2,backup,True
205,030772057008,DC-GA1,1,3.9,primary,True
205,030772057008,DC-GA2,2,3.2,backup,True
205,037000424116,DC-GA1,2,3.9,backup,True
205,037000424116,DC-GA2,1,3.2,primary,True
205,080878179271,DC-GA1,2,3.9,backup,True
205,080878179271,DC-GA2,1,3.2,primary,True
205,301871220013,DC-GA1,2,3.9,backup,True
205,301871220013,DC-GA2,1,3.2,primary,True
205,081234567895,DC-GA1,1,3.9,primary,True
205,081234567895,DC-GA2,2,3.2,backup,True
206,049000028911,DC-GA1,1,2.6,primary,True
206,049000028911,DC-GA2,2,1.0,backup,True
206,039800011906,DC-GA1,1,2.6,primary,True
206,039800011906,DC-GA2,2,1.0,backup,True
206,030878004508,DC-GA1,1,2.6,primary,True
206,030878004508,DC-GA2,2,1.0,backup,True
206,041303011003,DC-GA1,1,2.6,primary,True
206,041303011003,DC-GA2,2,1.0,backup,True
206,052088880018,DC-GA1,1,2.6,primary,True
206,052088880018,DC-GA2,2,1.0,backup,True
206,073168300019,DC-GA1,1,2.6,primary,True
206,073168300019,DC-GA2,2,1.0,backup,True
206,072140010027,DC-GA1,1,2.6,primary,True
206,072140010027,DC-GA2,2,1.0,backup,True
206,051500255162,DC-GA1,2,2.6,backup,True
206,051500255162,DC-GA2,1,1.0,primary,True
206,016000275867,DC-GA1,2,2.6,backup,True
206,016000275867,DC-GA2,1,1.0,primary,True
206,051000012516,DC-GA1,2,2.6,backup,True
206,051000012516,DC-GA2,1,1.0,primary,True
206,070038640119,DC-GA1,2,2.6,backup,True
206,070038640119,DC-GA2,1,1.0,primary,True
206,028400090460,DC-GA1,2,2.6,backup,True
206,028400090460,DC-GA2,1,1.0,primary,True
206,073730002104,DC-GA1,2,2.6,backup,True
206,073730002104,DC-GA2,1,1.0,primary,True
206,300871231218,DC-GA1,2,2.6,backup,True
206,300871231218,DC-GA2,1,1.0,primary,True
206,017800130039,DC-GA1,1,2.6,primary,True
206,017800130039,DC-GA2,2,1.0,backup,True
206,037000127109,DC-GA1,1,2.6,primary,True
206,037000127109,DC-GA2,2,1.0,backup,True
206,030772057008,DC-GA1,1,2.6,primary,True
206,030772057008,DC-GA2,2,1.0,backup,True
206,037000424116,DC-GA1,2,2.6,backup,True
206,037000424116,DC-GA2,1,1.0,primary,True
206,080878179271,DC-GA1,2,2.6,backup,True
206,080878179271,DC-GA2,1,1.0,primary,True
206,301871220013,DC-GA1,2,2.6,backup,True
206,301871220013,DC-GA2,1,1.0,primary,True
206,081234567895,DC-GA1,1,2.6,primary,True
206,081234567895,DC-GA2,2,1.0,backup,True
207,049000028911,DC-GA1,1,3.0,primary,True
207,049000028911,DC-GA2,2,2.7,backup,True
207,039800011906,DC-GA1,1,3.0,primary,True
207,039800011906,DC-GA2,2,2.7,backup,True
207,030878004508,DC-GA1,1,3.0,primary,True
207,030878004508,DC-GA2,2,2.7,backup,True
207,041303011003,DC-GA1,1,3.0,primary,True
207,041303011003,DC-GA2,2,2.7,backup,True
207,052088880018,DC-GA1,1,3.0,primary,True
207,052088880018,DC-GA2,2,2.7,backup,True
207,073168300019,DC-GA1,1,3.0,primary,True
207,073168300019,DC-GA2,2,2.7,backup,True
207,072140010027,DC-GA1,1,3.0,primary,True
207,072140010027,DC-GA2,2,2.7,backup,True
207,051500255162,DC-GA1,2,3.0,backup,True
207,051500255162,DC-GA2,1,2.7,primary,True
207,016000275867,DC-GA1,2,3.0,backup,True
207,016000275867,DC-GA2,1,2.7,primary,True
207,051000012516,DC-GA1,2,3.0,backup,True
207,051000012516,DC-GA2,1,2.7,primary,True
207,070038640119,DC-GA1,2,3.0,backup,True
207,070038640119,DC-GA2,1,2.7,primary,True
207,028400090460,DC-GA1,2,3.0,backup,True
207,028400090460,DC-GA2,1,2.7,primary,True
207,073730002104,DC-GA1,2,3.0,backup,True
207,073730002104,DC-GA2,1,2.7,primary,True
207,300871231218,DC-GA1,2,3.0,backup,True
207,300871231218,DC-GA2,1,2.7,primary,True
207,017800130039,DC-GA1,1,3.0,primary,True
207,017800130039,DC-GA2,2,2.7,backup,True
207,037000127109,DC-GA1,1,3.0,primary,True
207,037000127109,DC-GA2,2,2.7,backup,True
207,030772057008,DC-GA1,1,3.0,primary,True
207,030772057008,DC-GA2,2,2.7,backup,True
207,037000424116,DC-GA1,2,3.0,backup,True
207,037000424116,DC-GA2,1,2.7,primary,True
207,080878179271,DC-GA1,2,3.0,backup,True
207,080878179271,DC-GA2,1,2.7,primary,True
207,301871220013,DC-GA1,2,3.0,backup,True
207,301871220013,DC-GA2,1,2.7,primary,True
207,081234567895,DC-GA1,1,3.0,primary,True
207,081234567895,DC-GA2,2,2.7,backup,True
208,049000028911,DC-GA1,1,2.3,primary,True
208,049000028911,DC-GA2,2,2.6,backup,True
208,039800011906,DC-GA1,1,2.3,primary,True
208,039800011906,DC-GA2,2,2.6,backup,True
208,030878004508,DC-GA1,1,2.3,primary,True
208,030878004508,DC-GA2,2,2.6,backup,True
208,041303011003,DC-GA1,1,2.3,primary,True
208,041303011003,DC-GA2,2,2.6,backup,True
208,052088880018,DC-GA1,1,2.3,primary,True
208,052088880018,DC-GA2,2,2.6,backup,True
208,073168300019,DC-GA1,1,2.3,primary,True
208,073168300019,DC-GA2,2,2.6,backup,True
208,072140010027,DC-GA1,1,2.3,primary,True
208,072140010027,DC-GA2,2,2.6,backup,True
208,051500255162,DC-GA1,2,2.3,backup,True
208,051500255162,DC-GA2,1,2.6,primary,True
208,016000275867,DC-GA1,2,2.3,backup,True
208,016000275867,DC-GA2,1,2.6,primary,True
208,051000012516,DC-GA1,2,2.3,backup,True
208,051000012516,DC-GA2,1,2.6,primary,True
208,070038640119,DC-GA1,2,2.3,backup,True
208,070038640119,DC-GA2,1,2.6,primary,True
208,028400090460,DC-GA1,2,2.3,backup,True
208,028400090460,DC-GA2,1,2.6,primary,True
208,073730002104,DC-GA1,2,2.3,backup,True
208,073730002104,DC-GA2,1,2.6,primary,True
208,300871231218,DC-GA1,2,2.3,backup,True
208,300871231218,DC-GA2,1,2.6,primary,True
208,017800130039,DC-GA1,1,2.3,primary,True
208,017800130039,DC-GA2,2,2.6,backup,True
208,037000127109,DC-GA1,1,2.3,primary,True
208,037000127109,DC-GA2,2,2.6,backup,True
208,030772057008,DC-GA1,1,2.3,primary,True
208,030772057008,DC-GA2,2,2.6,backup,True
208,037000424116,DC-GA1,2,2.3,backup,True
208,037000424116,DC-GA2,1,2.6,primary,True
208,080878179271,DC-GA1,2,2.3,backup,True
208,080878179271,DC-GA2,1,2.6,primary,True
208,301871220013,DC-GA1,2,2.3,backup,True
208,301871220013,DC-GA2,1,2.6,primary,True
208,081234567895,DC-GA1,1,2.3,primary,True
208,081234567895,DC-GA2,2,2.6,backup,True
