Store ID,UPC,Product,Category,Case Pack,MOQ,Sellable Unit,Baseline Forecast,Historical Average,On Hand,Inbound,Captured At,Committed,Safety Stock,Eligible Inbound Before Cutoff,ATP
101,049000028911,Bottled Water,Emergency Essentials,24,48,EA,125,113,100,25,2026-09-23T00:00:00+00:00,0,0,25,125
101,039800011906,Batteries,Emergency Essentials,12,24,EA,226,216,183,47,2026-09-23T00:00:00+00:00,0,0,47,230
101,030878004508,Flashlights,Emergency Essentials,6,12,EA,136,122,96,14,2026-09-23T00:00:00+00:00,0,0,14,110
101,041303011003,Rock Salt,Emergency Essentials,8,16,EA,218,209,180,50,2026-09-23T00:00:00+00:00,0,0,50,230
101,052088880018,Space Heater,Emergency Essentials,2,4,EA,291,282,162,32,2026-09-23T00:00:00+00:00,0,0,32,194
101,073168300019,Rain Ponchos,Emergency Essentials,6,12,EA,213,202,144,48,2026-09-23T00:00:00+00:00,0,0,48,192
101,072140010027,First Aid Kit,Emergency Essentials,6,12,EA,112,100,75,24,2026-09-23T00:00:00+00:00,0,0,24,99
101,051500255162,Peanut Butter,Food / Consumables,6,12,EA,201,190,132,42,2026-09-23T00:00:00+00:00,0,0,42,174
101,016000275867,Granola Bars,Food / Consumables,6,12,EA,284,255,167,39,2026-09-23T00:00:00+00:00,0,0,39,206
101,051000012516,Canned Soup,Food / Consumables,6,12,EA,95,88,57,14,2026-09-23T00:00:00+00:00,0,0,14,71
101,070038640119,Trail Mix,Food / Consumables,6,12,EA,232,208,15,39,2026-09-23T00:00:00+00:00,0,0,39,54
101,028400090460,Value Snacks,Food / Consumables,6,12,EA,100,94,65,20,2026-09-23T00:00:00+00:00,0,0,20,85
101,073730002104,Bread,Food / Consumables,6,12,EA,201,182,152,32,2026-09-23T00:00:00+00:00,0,0,32,184
101,300871231218,Baby Formula,Food / Consumables,6,12,EA,213,193,144,48,2026-09-23T00:00:00+00:00,0,0,48,192
101,017800130039,Pet Food,Household,6,12,EA,258,247,214,59,2026-09-23T00:00:00+00:00,0,0,59,273
101,037000127109,Laundry Detergent,Household,6,12,EA,250,240,162,50,2026-09-23T00:00:00+00:00,0,0,50,212
101,030772057008,Paper Towels,Household,6,12,EA,219,203,140,41,2026-09-23T00:00:00+00:00,0,0,41,181
101,037000424116,Toothpaste,Personal Care,6,12,EA,253,240,146,32,2026-09-23T00:00:00+00:00,0,0,32,178
101,080878179271,Shampoo,Personal Care,6,12,EA,186,178,132,20,2026-09-23T00:00:00+00:00,0,0,20,152
101,301871220013,Hand Sanitizer,Personal Care,6,12,EA,269,255,199,37,2026-09-23T00:00:00+00:00,0,0,37,236
101,081234567895,LPG Cylinder 20lb,Emergency Essentials,1,2,EA,257,233,210,56,2026-09-23T00:00:00+00:00,0,0,56,266
102,049000028911,Bottled Water,Emergency Essentials,24,48,EA,82,78,63,13,2026-09-23T00:00:00+00:00,0,0,13,76
102,039800011906,Batteries,Emergency Essentials,12,24,EA,266,244,215,55,2026-09-23T00:00:00+00:00,0,0,55,270
102,030878004508,Flashlights,Emergency Essentials,6,12,EA,158,145,131,36,2026-09-23T00:00:00+00:00,0,0,36,167
102,041303011003,Rock Salt,Emergency Essentials,8,16,EA,271,262,178,56,2026-09-23T00:00:00+00:00,0,0,56,234
102,052088880018,Space Heater,Emergency Essentials,2,4,EA,99,96,63,18,2026-09-23T00:00:00+00:00,0,0,18,81
102,073168300019,Rain Ponchos,Emergency Essentials,6,12,EA,280,252,154,28,2026-09-23T00:00:00+00:00,0,0,28,182
102,072140010027,First Aid Kit,Emergency Essentials,6,12,EA,153,145,119,27,2026-09-23T00:00:00+00:00,0,0,27,146
102,051500255162,Peanut Butter,Food / Consumables,6,12,EA,126,120,76,20,2026-09-23T00:00:00+00:00,0,0,20,96
102,016000275867,Granola Bars,Food / Consumables,6,12,EA,178,170,112,32,2026-09-23T00:00:00+00:00,0,0,32,144
102,051000012516,Canned Soup,Food / Consumables,6,12,EA,280,263,154,28,2026-09-23T00:00:00+00:00,0,0,28,182
102,070038640119,Trail Mix,Food / Consumables,6,12,EA,245,222,196,49,2026-09-23T00:00:00+00:00,0,0,49,245
102,028400090460,Value Snacks,Food / Consumables,6,12,EA,122,112,81,26,2026-09-23T00:00:00+00:00,0,0,26,107
102,073730002104,Bread,Food / Consumables,6,12,EA,209,198,154,29,2026-09-23T00:00:00+00:00,0,0,29,183
102,300871231218,Baby Formula,Food / Consumables,6,12,EA,272,255,209,46,2026-09-23T00:00:00+00:00,0,0,46,255
102,017800130039,Pet Food,Household,6,12,EA,89,84,65,12,2026-09-23T00:00:00+00:00,0,0,12,77
102,037000127109,Laundry Detergent,Household,6,12,EA,200,188,110,20,2026-09-23T00:00:00+00:00,0,0,20,130
102,030772057008,Paper Towels,Household,6,12,EA,139,134,88,26,2026-09-23T00:00:00+00:00,0,0,26,114
102,037000424116,Toothpaste,Personal Care,6,12,EA,263,255,178,60,2026-09-23T00:00:00+00:00,0,0,60,238
102,080878179271,Shampoo,Personal Care,6,12,EA,167,155,103,28,2026-09-23T00:00:00+00:00,0,0,28,131
102,301871220013,Hand Sanitizer,Personal Care,6,12,EA,218,209,137,39,2026-09-23T00:00:00+00:00,0,0,39,176
102,081234567895,LPG Cylinder 20lb,Emergency Essentials,1,2,EA,261,237,146,28,2026-09-23T00:00:00+00:00,0,0,28,174
103,049000028911,Bottled Water,Emergency Essentials,24,48,EA,261,237,146,28,2026-09-23T00:00:00+00:00,0,0,28,174
103,039800011906,Batteries,Emergency Essentials,12,24,EA,179,173,150,42,2026-09-23T00:00:00+00:00,0,0,42,192
103,030878004508,Flashlights,Emergency Essentials,6,12,EA,257,233,210,56,2026-09-23T00:00:00+00:00,0,0,56,266
103,041303011003,Rock Salt,Emergency Essentials,8,16,EA,80,75,52,16,2026-09-23T00:00:00+00:00,0,0,16,68
103,052088880018,Space Heater,Emergency Essentials,2,4,EA,130,124,84,26,2026-09-23T00:00:00+00:00,0,0,26,110
103,073168300019,Rain Ponchos,Emergency Essentials,6,12,EA,143,138,97,32,2026-09-23T00:00:00+00:00,0,0,32,129
103,072140010027,First Aid Kit,Emergency Essentials,6,12,EA,142,130,109,24,2026-09-23T00:00:00+00:00,0,0,24,133
103,051500255162,Peanut Butter,Food / Consumables,6,12,EA,149,141,95,28,2026-09-23T00:00:00+00:00,0,0,28,123
103,016000275867,Granola Bars,Food / Consumables,6,12,EA,209,198,154,29,2026-09-23T00:00:00+00:00,0,0,29,183
103,051000012516,Canned Soup,Food / Consumables,6,12,EA,146,134,103,16,2026-09-23T00:00:00+00:00,0,0,16,119
103,070038640119,Trail Mix,Food / Consumables,6,12,EA,172,161,115,37,2026-09-23T00:00:00+00:00,0,0,37,152
103,028400090460,Value Snacks,Food / Consumables,6,12,EA,180,169,117,36,2026-09-23T00:00:00+00:00,0,0,36,153
103,073730002104,Bread,Food / Consumables,6,12,EA,278,255,202,36,2026-09-23T00:00:00+00:00,0,0,36,238
103,300871231218,Baby Formula,Food / Consumables,6,12,EA,210,201,157,31,2026-09-23T00:00:00+00:00,0,0,31,188
103,017800130039,Pet Food,Household,6,12,EA,216,194,131,34,2026-09-23T00:00:00+00:00,0,0,34,165
103,037000127109,Laundry Detergent,Household,6,12,EA,127,118,104,27,2026-09-23T00:00:00+00:00,0,0,27,131
103,030772057008,Paper Towels,Household,6,12,EA,162,155,124,27,2026-09-23T00:00:00+00:00,0,0,27,151
103,037000424116,Toothpaste,Personal Care,6,12,EA,296,266,180,47,2026-09-23T00:00:00+00:00,0,0,47,227
103,080878179271,Shampoo,Personal Care,6,12,EA,113,107,88,20,2026-09-23T00:00:00+00:00,0,0,20,108
103,301871220013,Hand Sanitizer,Personal Care,6,12,EA,274,263,161,38,2026-09-23T00:00:00+00:00,0,0,38,199
103,081234567895,LPG Cylinder 20lb,Emergency Essentials,1,2,EA,176,165,124,19,2026-09-23T00:00:00+00:00,0,0,19,143
104,049000028911,Bottled Water,Emergency Essentials,24,48,EA,100,94,65,20,2026-09-23T00:00:00+00:00,0,0,20,85
104,039800011906,Batteries,Emergency Essentials,12,24,EA,157,142,113,18,2026-09-23T00:00:00+00:00,0,0,18,131
104,030878004508,Flashlights,Emergency Essentials,6,12,EA,220,198,165,33,2026-09-23T00:00:00+00:00,0,0,33,198
104,041303011003,Rock Salt,Emergency Essentials,8,16,EA,184,165,108,25,2026-09-23T00:00:00+00:00,0,0,25,133
104,052088880018,Space Heater,Emergency Essentials,2,4,EA,206,197,166,43,2026-09-23T00:00:00+00:00,0,0,43,209
104,073168300019,Rain Ponchos,Emergency Essentials,6,12,EA,219,212,183,52,2026-09-23T00:00:00+00:00,0,0,52,235
104,072140010027,First Aid Kit,Emergency Essentials,6,12,EA,186,171,113,29,2026-09-23T00:00:00+00:00,0,0,29,142
104,051500255162,Peanut Butter,Food / Consumables,6,12,EA,110,105,82,16,2026-09-23T00:00:00+00:00,0,0,16,98
104,016000275867,Granola Bars,Food / Consumables,6,12,EA,122,112,93,20,2026-09-23T00:00:00+00:00,0,0,20,113
104,051000012516,Canned Soup,Food / Consumables,6,12,EA,170,163,93,17,2026-09-23T00:00:00+00:00,0,0,17,110
104,070038640119,Trail Mix,Food / Consumables,6,12,EA,169,160,141,40,2026-09-23T00:00:00+00:00,0,0,40,181
104,028400090460,Value Snacks,Food / Consumables,6,12,EA,239,231,200,57,2026-09-23T00:00:00+00:00,0,0,57,257
104,073730002104,Bread,Food / Consumables,6,12,EA,146,134,118,30,2026-09-23T00:00:00+00:00,0,0,30,148
104,300871231218,Baby Formula,Food / Consumables,6,12,EA,119,110,76,22,2026-09-23T00:00:00+00:00,0,0,22,98
104,017800130039,Pet Food,Household,6,12,EA,232,208,155,51,2026-09-23T00:00:00+00:00,0,0,51,206
104,037000127109,Laundry Detergent,Household,6,12,EA,242,232,137,29,2026-09-23T00:00:00+00:00,0,0,29,166
104,030772057008,Paper Towels,Household,6,12,EA,96,90,77,20,2026-09-23T00:00:00+00:00,0,0,20,97
104,037000424116,Toothpaste,Personal Care,6,12,EA,243,235,140,31,2026-09-23T00:00:00+00:00,0,0,31,171
104,080878179271,Shampoo,Personal Care,6,12,EA,193,183,150,34,2026-09-23T00:00:00+00:00,0,0,34,184
104,301871220013,Hand Sanitizer,Personal Care,6,12,EA,140,126,77,14,2026-09-23T00:00:00+00:00,0,0,14,91
104,081234567895,LPG Cylinder 20lb,Emergency Essentials,1,2,EA,157,149,97,26,2026-09-23T00:00:00+00:00,0,0,26,123
105,049000028911,Bottled Water,Emergency Essentials,24,48,EA,138,126,100,17,2026-09-23T00:00:00+00:00,0,0,17,117
105,039800011906,Batteries,Emergency Essentials,12,24,EA,98,94,81,22,2026-09-23T00:00:00+00:00,0,0,22,103
105,030878004508,Flashlights,Emergency Essentials,6,12,EA,177,168,127,21,2026-09-23T00:00:00+00:00,0,0,21,148
105,041303011003,Rock Salt,Emergency Essentials,8,16,EA,228,214,189,52,2026-09-23T00:00:00+00:00,0,0,52,241
105,052088880018,Space Heater,Emergency Essentials,2,4,EA,225,213,180,45,2026-09-23T00:00:00+00:00,0,0,45,225
105,073168300019,Rain Ponchos,Emergency Essentials,6,12,EA,288,259,239,66,2026-09-23T00:00:00+00:00,0,0,66,305
105,072140010027,First Aid Kit,Emergency Essentials,6,12,EA,128,120,106,29,2026-09-23T00:00:00+00:00,0,0,29,135
105,051500255162,Peanut Butter,Food / Consumables,6,12,EA,257,244,185,30,2026-09-23T00:00:00+00:00,0,0,30,215
105,016000275867,Granola Bars,Food / Consumables,6,12,EA,102,93,68,22,2026-09-23T00:00:00+00:00,0,0,22,90
105,051000012516,Canned Soup,Food / Consumables,6,12,EA,84,75,57,20,2026-09-23T00:00:00+00:00,0,0,20,77
105,070038640119,Trail Mix,Food / Consumables,6,12,EA,284,266,224,53,2026-09-23T00:00:00+00:00,0,0,53,277
105,028400090460,Value Snacks,Food / Consumables,6,12,EA,201,182,152,32,2026-09-23T00:00:00+00:00,0,0,32,184
105,073730002104,Bread,Food / Consumables,6,12,EA,298,274,217,38,2026-09-23T00:00:00+00:00,0,0,38,255
105,300871231218,Baby Formula,Food / Consumables,6,12,EA,88,79,73,20,2026-09-23T00:00:00+00:00,0,0,20,93
105,017800130039,Pet Food,Household,6,12,EA,143,132,111,25,2026-09-23T00:00:00+00:00,0,0,25,136
105,037000127109,Laundry Detergent,Household,6,12,EA,106,97,64,16,2026-09-23T00:00:00+00:00,0,0,16,80
105,030772057008,Paper Towels,Household,6,12,EA,173,164,117,39,2026-09-23T00:00:00+00:00,0,0,39,156
105,037000424116,Toothpaste,Personal Care,6,12,EA,180,169,99,18,2026-09-23T00:00:00+00:00,0,0,18,117
105,080878179271,Shampoo,Personal Care,6,12,EA,218,200,137,39,2026-09-23T00:00:00+00:00,0,0,39,176
105,301871220013,Hand Sanitizer,Personal Care,6,12,EA,155,150,108,15,2026-09-23T00:00:00+00:00,0,0,15,123
105,081234567895,LPG Cylinder 20lb,Emergency Essentials,1,2,EA,143,132,82,18,2026-09-23T00:00:00+00:00,0,0,18,100
106,049000028911,Bottled Water,Emergency Essentials,24,48,EA,257,244,159,43,2026-09-23T00:00:00+00:00,0,0,43,202
106,039800011906,Batteries,Emergency Essentials,12,24,EA,268,251,195,34,2026-09-23T00:00:00+00:00,0,0,34,229
106,030878004508,Flashlights,Emergency Essentials,6,12,EA,235,227,164,23,2026-09-23T00:00:00+00:00,0,0,23,187
106,041303011003,Rock Salt,Emergency Essentials,8,16,EA,177,168,127,21,2026-09-23T00:00:00+00:00,0,0,21,148
106,052088880018,Space Heater,Emergency Essentials,2,4,EA,111,107,73,23,2026-09-23T00:00:00+00:00,0,0,23,96
106,073168300019,Rain Ponchos,Emergency Essentials,6,12,EA,190,182,142,28,2026-09-23T00:00:00+00:00,0,0,28,170
106,072140010027,First Aid Kit,Emergency Essentials,6,12,EA,184,165,108,25,2026-09-23T00:00:00+00:00,0,0,25,133
106,051500255162,Peanut Butter,Food / Consumables,6,12,EA,262,251,175,57,2026-09-23T00:00:00+00:00,0,0,57,232
106,016000275867,Granola Bars,Food / Consumables,6,12,EA,105,95,63,15,2026-09-23T00:00:00+00:00,0,0,15,78
106,051000012516,Canned Soup,Food / Consumables,6,12,EA,190,182,123,38,2026-09-23T00:00:00+00:00,0,0,38,161
106,070038640119,Trail Mix,Food / Consumables,6,12,EA,117,111,95,25,2026-09-23T00:00:00+00:00,0,0,25,120
106,028400090460,Value Snacks,Food / Consumables,6,12,EA,103,95,80,18,2026-09-23T00:00:00+00:00,0,0,18,98
106,073730002104,Bread,Food / Consumables,6,12,EA,166,152,134,34,2026-09-23T00:00:00+00:00,0,0,34,168
106,300871231218,Baby Formula,Food / Consumables,6,12,EA,176,158,142,36,2026-09-23T00:00:00+00:00,0,0,36,178
106,017800130039,Pet Food,Household,6,12,EA,266,255,215,55,2026-09-23T00:00:00+00:00,0,0,55,270
106,037000127109,Laundry Detergent,Household,6,12,EA,95,92,57,14,2026-09-23T00:00:00+00:00,0,0,14,71
106,030772057008,Paper Towels,Household,6,12,EA,235,227,188,47,2026-09-23T00:00:00+00:00,0,0,47,235
106,037000424116,Toothpaste,Personal Care,6,12,EA,116,104,93,24,2026-09-23T00:00:00+00:00,0,0,24,117
106,080878179271,Shampoo,Personal Care,6,12,EA,91,84,50,10,2026-09-23T00:00:00+00:00,0,0,10,60
106,301871220013,Hand Sanitizer,Personal Care,6,12,EA,183,170,142,32,2026-09-23T00:00:00+00:00,0,0,32,174
106,081234567895,LPG Cylinder 20lb,Emergency Essentials,1,2,EA,147,136,120,32,2026-09-23T00:00:00+00:00,0,0,32,152
107,049000028911,Bottled Water,Emergency Essentials,24,48,EA,169,160,141,40,2026-09-23T00:00:00+00:00,0,0,40,181
107,039800011906,Batteries,Emergency Essentials,12,24,EA,288,270,239,66,2026-09-23T00:00:00+00:00,0,0,66,305
107,030878004508,Flashlights,Emergency Essentials,6,12,EA,295,274,236,59,2026-09-23T00:00:00+00:00,0,0,59,295
107,041303011003,Rock Salt,Emergency Essentials,8,16,EA,86,79,69,18,2026-09-23T00:00:00+00:00,0,0,18,87
107,052088880018,Space Heater,Emergency Essentials,2,4,EA,127,123,91,15,2026-09-23T00:00:00+00:00,0,0,15,106
107,073168300019,Rain Ponchos,Emergency Essentials,6,12,EA,114,104,78,27,2026-09-23T00:00:00+00:00,0,0,27,105
107,072140010027,First Aid Kit,Emergency Essentials,6,12,EA,268,241,222,61,2026-09-23T00:00:00+00:00,0,0,61,283
107,051500255162,Peanut Butter,Food / Consumables,6,12,EA,138,126,100,17,2026-09-23T00:00:00+00:00,0,0,17,117
107,016000275867,Granola Bars,Food / Consumables,6,12,EA,244,229,143,34,2026-09-23T00:00:00+00:00,0,0,34,177
107,051000012516,Canned Soup,Food / Consumables,6,12,EA,251,233,165,52,2026-09-23T00:00:00+00:00,0,0,52,217
107,070038640119,Trail Mix,Food / Consumables,6,12,EA,203,196,117,26,2026-09-23T00:00:00+00:00,0,0,26,143
107,028400090460,Value Snacks,Food / Consumables,6,12,EA,165,150,132,33,2026-09-23T00:00:00+00:00,0,0,33,165
107,073730002104,Bread,Food / Consumables,6,12,EA,247,239,153,41,2026-09-23T00:00:00+00:00,0,0,41,194
107,300871231218,Baby Formula,Food / Consumables,6,12,EA,228,214,189,52,2026-09-23T00:00:00+00:00,0,0,52,241
107,017800130039,Pet Food,Household,6,12,EA,233,212,158,53,2026-09-23T00:00:00+00:00,0,0,53,211
107,037000127109,Laundry Detergent,Household,6,12,EA,154,141,106,36,2026-09-23T00:00:00+00:00,0,0,36,142
107,030772057008,Paper Towels,Household,6,12,EA,157,149,97,26,2026-09-23T00:00:00+00:00,0,0,26,123
107,037000424116,Toothpaste,Personal Care,6,12,EA,104,93,71,24,2026-09-23T00:00:00+00:00,0,0,24,95
107,080878179271,Shampoo,Personal Care,6,12,EA,223,207,151,51,2026-09-23T00:00:00+00:00,0,0,51,202
107,301871220013,Hand Sanitizer,Personal Care,6,12,EA,155,144,108,15,2026-09-23T00:00:00+00:00,0,0,15,123
107,081234567895,LPG Cylinder 20lb,Emergency Essentials,1,2,EA,99,96,83,23,2026-09-23T00:00:00+00:00,0,0,23,106
108,049000028911,Bottled Water,Emergency Essentials,24,48,EA,157,142,128,34,2026-09-23T00:00:00+00:00,0,0,34,162
108,039800011906,Batteries,Emergency Essentials,12,24,EA,287,278,177,48,2026-09-23T00:00:00+00:00,0,0,48,225
108,030878004508,Flashlights,Emergency Essentials,6,12,EA,275,255,192,27,2026-09-23T00:00:00+00:00,0,0,27,219
108,041303011003,Rock Salt,Emergency Essentials,8,16,EA,187,181,115,31,2026-09-23T00:00:00+00:00,0,0,31,146
108,052088880018,Space Heater,Emergency Essentials,2,4,EA,273,259,212,49,2026-09-23T00:00:00+00:00,0,0,49,261
108,073168300019,Rain Ponchos,Emergency Essentials,6,12,EA,135,130,81,20,2026-09-23T00:00:00+00:00,0,0,20,101
108,072140010027,First Aid Kit,Emergency Essentials,6,12,EA,169,160,141,40,2026-09-23T00:00:00+00:00,0,0,40,181
108,051500255162,Peanut Butter,Food / Consumables,6,12,EA,233,212,158,53,2026-09-23T00:00:00+00:00,0,0,53,211
108,016000275867,Granola Bars,Food / Consumables,6,12,EA,238,218,149,42,2026-09-23T00:00:00+00:00,0,0,42,191
108,051000012516,Canned Soup,Food / Consumables,6,12,EA,183,170,142,32,2026-09-23T00:00:00+00:00,0,0,32,174
108,070038640119,Trail Mix,Food / Consumables,6,12,EA,102,97,58,12,2026-09-23T00:00:00+00:00,0,0,12,70
108,028400090460,Value Snacks,Food / Consumables,6,12,EA,151,146,114,24,2026-09-23T00:00:00+00:00,0,0,24,138
108,073730002104,Bread,Food / Consumables,6,12,EA,177,168,145,38,2026-09-23T00:00:00+00:00,0,0,38,183
108,300871231218,Baby Formula,Food / Consumables,6,12,EA,134,128,92,32,2026-09-23T00:00:00+00:00,0,0,32,124
108,017800130039,Pet Food,Household,6,12,EA,220,206,121,22,2026-09-23T00:00:00+00:00,0,0,22,143
108,037000127109,Laundry Detergent,Household,6,12,EA,286,274,174,45,2026-09-23T00:00:00+00:00,0,0,45,219
108,030772057008,Paper Towels,Household,6,12,EA,207,192,149,24,2026-09-23T00:00:00+00:00,0,0,24,173
108,037000424116,Toothpaste,Personal Care,6,12,EA,194,178,133,46,2026-09-23T00:00:00+00:00,0,0,46,179
108,080878179271,Shampoo,Personal Care,6,12,EA,174,160,120,41,2026-09-23T00:00:00+00:00,0,0,41,161
108,301871220013,Hand Sanitizer,Personal Care,6,12,EA,229,208,192,54,2026-09-23T00:00:00+00:00,0,0,54,246
108,081234567895,LPG Cylinder 20lb,Emergency Essentials,1,2,EA,222,213,170,37,2026-09-23T00:00:00+00:00,0,0,37,207
201,049000028911,Bottled Water,Emergency Essentials,24,48,EA,190,182,123,38,2026-09-23T00:00:00+00:00,0,0,38,161
201,039800011906,Batteries,Emergency Essentials,12,24,EA,272,255,209,46,2026-09-23T00:00:00+00:00,0,0,46,255
201,030878004508,Flashlights,Emergency Essentials,6,12,EA,188,176,137,24,2026-09-23T00:00:00+00:00,0,0,24,161
201,041303011003,Rock Salt,Emergency Essentials,8,16,EA,143,138,111,25,2026-09-23T00:00:00+00:00,0,0,25,136
201,052088880018,Space Heater,Emergency Essentials,2,4,EA,240,225,132,24,2026-09-23T00:00:00+00:00,0,0,24,156
201,073168300019,Rain Ponchos,Emergency Essentials,6,12,EA,99,96,73,13,2026-09-23T00:00:00+00:00,0,0,13,86
201,072140010027,First Aid Kit,Emergency Essentials,6,12,EA,290,278,188,58,2026-09-23T00:00:00+00:00,0,0,58,246
201,051500255162,Peanut Butter,Food / Consumables,6,12,EA,135,125,81,20,2026-09-23T00:00:00+00:00,0,0,20,101
201,016000275867,Granola Bars,Food / Consumables,6,12,EA,173,164,134,31,2026-09-23T00:00:00+00:00,0,0,31,165
201,051000012516,Canned Soup,Food / Consumables,6,12,EA,208,195,131,37,2026-09-23T00:00:00+00:00,0,0,37,168
201,070038640119,Trail Mix,Food / Consumables,6,12,EA,88,82,55,15,2026-09-23T00:00:00+00:00,0,0,15,70
201,028400090460,Value Snacks,Food / Consumables,6,12,EA,288,259,181,51,2026-09-23T00:00:00+00:00,0,0,51,232
201,073730002104,Bread,Food / Consumables,6,12,EA,94,90,55,13,2026-09-23T00:00:00+00:00,0,0,13,68
201,300871231218,Baby Formula,Food / Consumables,6,12,EA,298,274,217,38,2026-09-23T00:00:00+00:00,0,0,38,255
201,017800130039,Pet Food,Household,6,12,EA,260,234,143,26,2026-09-23T00:00:00+00:00,0,0,26,169
201,037000127109,Laundry Detergent,Household,6,12,EA,175,162,140,35,2026-09-23T00:00:00+00:00,0,0,35,175
201,030772057008,Paper Towels,Household,6,12,EA,139,134,102,19,2026-09-23T00:00:00+00:00,0,0,19,121
201,037000424116,Toothpaste,Personal Care,6,12,EA,266,255,215,55,2026-09-23T00:00:00+00:00,0,0,55,270
201,080878179271,Shampoo,Personal Care,6,12,EA,219,203,162,30,2026-09-23T00:00:00+00:00,0,0,30,192
201,301871220013,Hand Sanitizer,Personal Care,6,12,EA,239,222,200,57,2026-09-23T00:00:00+00:00,0,0,57,257
201,081234567895,LPG Cylinder 20lb,Emergency Essentials,1,2,EA,105,95,73,10,2026-09-23T00:00:00+00:00,0,0,10,83
202,049000028911,Bottled Water,Emergency Essentials,24,48,EA,174,160,137,33,2026-09-23T00:00:00+00:00,0,0,33,170
202,039800011906,Batteries,Emergency Essentials,12,24,EA,159,154,133,38,2026-09-23T00:00:00+00:00,0,0,38,171
202,030878004508,Flashlights,Emergency Essentials,6,12,EA,299,290,251,71,2026-09-23T00:00:00+00:00,0,0,71,322
202,041303011003,Rock Salt,Emergency Essentials,8,16,EA,266,244,215,55,2026-09-23T00:00:00+00:00,0,0,55,270
202,052088880018,Space Heater,Emergency Essentials,2,4,EA,220,198,165,33,2026-09-23T00:00:00+00:00,0,0,33,198
202,073168300019,Rain Ponchos,Emergency Essentials,6,12,EA,147,142,105,17,2026-09-23T00:00:00+00:00,0,0,17,122
202,072140010027,First Aid Kit,Emergency Essentials,6,12,EA,260,234,169,52,2026-09-23T00:00:00+00:00,0,0,52,221
202,051500255162,Peanut Butter,Food / Consumables,6,12,EA,245,232,147,36,2026-09-23T00:00:00+00:00,0,0,36,183
202,016000275867,Granola Bars,Food / Consumables,6,12,EA,155,150,124,31,2026-09-23T00:00:00+00:00,0,0,31,155
202,051000012516,Canned Soup,Food / Consumables,6,12,EA,223,216,129,28,2026-09-23T00:00:00+00:00,0,0,28,157
202,070038640119,Trail Mix,Food / Consumables,6,12,EA,82,78,63,13,2026-09-23T00:00:00+00:00,0,0,13,76
202,028400090460,Value Snacks,Food / Consumables,6,12,EA,149,135,125,35,2026-09-23T00:00:00+00:00,0,0,35,160
202,073730002104,Bread,Food / Consumables,6,12,EA,275,255,220,55,2026-09-23T00:00:00+00:00,0,0,55,275
202,300871231218,Baby Formula,Food / Consumables,6,12,EA,98,94,61,17,2026-09-23T00:00:00+00:00,0,0,17,78
202,017800130039,Pet Food,Household,6,12,EA,86,82,69,18,2026-09-23T00:00:00+00:00,0,0,18,87
202,037000127109,Laundry Detergent,Household,6,12,EA,173,157,117,39,2026-09-23T00:00:00+00:00,0,0,39,156
202,030772057008,Paper Towels,Household,6,12,EA,265,241,159,39,2026-09-23T00:00:00+00:00,0,0,39,198
202,037000424116,Toothpaste,Personal Care,6,12,EA,82,75,63,13,2026-09-23T00:00:00+00:00,0,0,13,76
202,080878179271,Shampoo,Personal Care,6,12,EA,219,203,183,52,2026-09-23T00:00:00+00:00,0,0,52,235
202,301871220013,Hand Sanitizer,Personal Care,6,12,EA,142,130,95,31,2026-09-23T00:00:00+00:00,0,0,31,126
202,081234567895,LPG Cylinder 20lb,Emergency Essentials,1,2,EA,212,199,142,46,2026-09-23T00:00:00+00:00,0,0,46,188
203,049000028911,Bottled Water,Emergency Essentials,24,48,EA,240,216,180,36,2026-09-23T00:00:00+00:00,0,0,36,216
203,039800011906,Batteries,Emergency Essentials,12,24,EA,169,160,141,40,2026-09-23T00:00:00+00:00,0,0,40,181
203,030878004508,Flashlights,Emergency Essentials,6,12,EA,98,94,61,17,2026-09-23T00:00:00+00:00,0,0,17,78
203,041303011003,Rock Salt,Emergency Essentials,8,16,EA,87,84,62,10,2026-09-23T00:00:00+00:00,0,0,10,72
203,052088880018,Space Heater,Emergency Essentials,2,4,EA,106,101,85,22,2026-09-23T00:00:00+00:00,0,0,22,107
203,073168300019,Rain Ponchos,Emergency Essentials,6,12,EA,116,104,93,24,2026-09-23T00:00:00+00:00,0,0,24,117
203,072140010027,First Aid Kit,Emergency Essentials,6,12,EA,84,75,49,11,2026-09-23T00:00:00+00:00,0,0,11,60
203,051500255162,Peanut Butter,Food / Consumables,6,12,EA,97,88,79,21,2026-09-23T00:00:00+00:00,0,0,21,100
203,016000275867,Granola Bars,Food / Consumables,6,12,EA,149,135,95,28,2026-09-23T00:00:00+00:00,0,0,28,123
203,051000012516,Canned Soup,Food / Consumables,6,12,EA,203,196,117,26,2026-09-23T00:00:00+00:00,0,0,26,143
203,070038640119,Trail Mix,Food / Consumables,6,12,EA,121,110,79,25,2026-09-23T00:00:00+00:00,0,0,25,104
203,028400090460,Value Snacks,Food / Consumables,6,12,EA,140,131,77,14,2026-09-23T00:00:00+00:00,0,0,14,91
203,073730002104,Bread,Food / Consumables,6,12,EA,136,127,110,28,2026-09-23T00:00:00+00:00,0,0,28,138
203,300871231218,Baby Formula,Food / Consumables,6,12,EA,158,145,131,36,2026-09-23T00:00:00+00:00,0,0,36,167
203,017800130039,Pet Food,Household,6,12,EA,150,138,112,22,2026-09-23T00:00:00+00:00,0,0,22,134
203,037000127109,Laundry Detergent,Household,6,12,EA,218,200,159,28,2026-09-23T00:00:00+00:00,0,0,28,187
203,030772057008,Paper Towels,Household,6,12,EA,128,115,80,23,2026-09-23T00:00:00+00:00,0,0,23,103
203,037000424116,Toothpaste,Personal Care,6,12,EA,239,222,200,57,2026-09-23T00:00:00+00:00,0,0,57,257
203,080878179271,Shampoo,Personal Care,6,12,EA,96,86,68,10,2026-09-23T00:00:00+00:00,0,0,10,78
203,301871220013,Hand Sanitizer,Personal Care,6,12,EA,179,173,114,34,2026-09-23T00:00:00+00:00,0,0,34,148
203,081234567895,LPG Cylinder 20lb,Emergency Essentials,1,2,EA,157,149,128,34,2026-09-23T00:00:00+00:00,0,0,34,162
204,049000028911,Bottled Water,Emergency Essentials,24,48,EA,127,118,104,27,2026-09-23T00:00:00+00:00,0,0,27,131
204,039800011906,Batteries,Emergency Essentials,12,24,EA,118,108,74,21,2026-09-23T00:00:00+00:00,0,0,21,95
204,030878004508,Flashlights,Emergency Essentials,6,12,EA,97,88,69,11,2026-09-23T00:00:00+00:00,0,0,11,80
204,041303011003,Rock Salt,Emergency Essentials,8,16,EA,269,255,199,37,2026-09-23T00:00:00+00:00,0,0,37,236
204,052088880018,Space Heater,Emergency Essentials,2,4,EA,166,159,134,34,2026-09-23T00:00:00+00:00,0,0,34,168
204,073168300019,Rain Ponchos,Emergency Essentials,6,12,EA,98,90,81,22,2026-09-23T00:00:00+00:00,0,0,22,103
204,072140010027,First Aid Kit,Emergency Essentials,6,12,EA,80,72,52,16,2026-09-23T00:00:00+00:00,0,0,16,68
204,051500255162,Peanut Butter,Food / Consumables,6,12,EA,240,216,132,24,2026-09-23T00:00:00+00:00,0,0,24,156
204,016000275867,Granola Bars,Food / Consumables,6,12,EA,206,189,125,32,2026-09-23T00:00:00+00:00,0,0,32,157
204,051000012516,Canned Soup,Food / Consumables,6,12,EA,123,119,95,22,2026-09-23T00:00:00+00:00,0,0,22,117
204,070038640119,Trail Mix,Food / Consumables,6,12,EA,94,86,74,17,2026-09-23T00:00:00+00:00,0,0,17,91
204,028400090460,Value Snacks,Food / Consumables,6,12,EA,167,155,120,20,2026-09-23T00:00:00+00:00,0,0,20,140
204,073730002104,Bread,Food / Consumables,6,12,EA,270,248,148,27,2026-09-23T00:00:00+00:00,0,0,27,175
204,300871231218,Baby Formula,Food / Consumables,6,12,EA,88,79,64,11,2026-09-23T00:00:00+00:00,0,0,11,75
204,017800130039,Pet Food,Household,6,12,EA,252,226,143,30,2026-09-23T00:00:00+00:00,0,0,30,173
204,037000127109,Laundry Detergent,Household,6,12,EA,161,146,90,17,2026-09-23T00:00:00+00:00,0,0,17,107
204,030772057008,Paper Towels,Household,6,12,EA,232,218,132,27,2026-09-23T00:00:00+00:00,0,0,27,159
204,037000424116,Toothpaste,Personal Care,6,12,EA,145,131,87,21,2026-09-23T00:00:00+00:00,0,0,21,108
204,080878179271,Shampoo,Personal Care,6,12,EA,283,274,220,50,2026-09-23T00:00:00+00:00,0,0,50,270
204,301871220013,Hand Sanitizer,Personal Care,6,12,EA,137,130,98,16,2026-09-23T00:00:00+00:00,0,0,16,114
204,081234567895,LPG Cylinder 20lb,Emergency Essentials,1,2,EA,283,274,220,50,2026-09-23T00:00:00+00:00,0,0,50,270
205,049000028911,Bottled Water,Emergency Essentials,24,48,EA,88,82,55,15,2026-09-23T00:00:00+00:00,0,0,15,70
205,039800011906,Batteries,Emergency Essentials,12,24,EA,126,115,102,26,2026-09-23T00:00:00+00:00,0,0,26,128
205,030878004508,Flashlights,Emergency Essentials,6,12,EA,244,229,192,46,2026-09-23T00:00:00+00:00,0,0,46,238
205,041303011003,Rock Salt,Emergency Essentials,8,16,EA,138,132,86,24,2026-09-23T00:00:00+00:00,0,0,24,110
205,052088880018,Space Heater,Emergency Essentials,2,4,EA,161,152,106,33,2026-09-23T00:00:00+00:00,0,0,33,139
205,073168300019,Rain Ponchos,Emergency Essentials,6,12,EA,187,181,115,31,2026-09-23T00:00:00+00:00,0,0,31,146
205,072140010027,First Aid Kit,Emergency Essentials,6,12,EA,91,84,69,14,2026-09-23T00:00:00+00:00,0,0,14,83
205,051500255162,Peanut Butter,Food / Consumables,6,12,EA,108,101,89,24,2026-09-23T00:00:00+00:00,0,0,24,113
205,016000275867,Granola Bars,Food / Consumables,6,12,EA,170,156,93,17,2026-09-23T00:00:00+00:00,0,0,17,110
205,051000012516,Canned Soup,Food / Consumables,6,12,EA,88,79,73,20,2026-09-23T00:00:00+00:00,0,0,20,93
205,070038640119,Trail Mix,Food / Consumables,6,12,EA,96,90,77,20,2026-09-23T00:00:00+00:00,0,0,20,97
205,028400090460,Value Snacks,Food / Consumables,6,12,EA,249,226,184,34,2026-09-23T00:00:00+00:00,0,0,34,218
205,073730002104,Bread,Food / Consumables,6,12,EA,292,262,224,49,2026-09-23T00:00:00+00:00,0,0,49,273
205,300871231218,Baby Formula,Food / Consumables,6,12,EA,87,80,62,10,2026-09-23T00:00:00+00:00,0,0,10,72
205,017800130039,Pet Food,Household,6,12,EA,155,150,124,31,2026-09-23T00:00:00+00:00,0,0,31,155
205,037000127109,Laundry Detergent,Household,6,12,EA,201,190,132,42,2026-09-23T00:00:00+00:00,0,0,42,174
205,030772057008,Paper Towels,Household,6,12,EA,107,103,66,18,2026-09-23T00:00:00+00:00,0,0,18,84
205,037000424116,Toothpaste,Personal Care,6,12,EA,264,248,155,36,2026-09-23T00:00:00+00:00,0,0,36,191
205,080878179271,Shampoo,Personal Care,6,12,EA,196,176,139,21,2026-09-23T00:00:00+00:00,0,0,21,160
205,301871220013,Hand Sanitizer,Personal Care,6,12,EA,100,90,65,20,2026-09-23T00:00:00+00:00,0,0,20,85
205,081234567895,LPG Cylinder 20lb,Emergency Essentials,1,2,EA,159,154,117,22,2026-09-23T00:00:00+00:00,0,0,22,139
206,049000028911,Bottled Water,Emergency Essentials,24,48,EA,242,222,186,41,2026-09-23T00:00:00+00:00,0,0,41,227
206,039800011906,Batteries,Emergency Essentials,12,24,EA,170,163,93,17,2026-09-23T00:00:00+00:00,0,0,17,110
206,030878004508,Flashlights,Emergency Essentials,6,12,EA,236,221,167,25,2026-09-23T00:00:00+00:00,0,0,25,192
206,041303011003,Rock Salt,Emergency Essentials,8,16,EA,212,190,120,25,2026-09-23T00:00:00+00:00,0,0,25,145
206,052088880018,Space Heater,Emergency Essentials,2,4,EA,257,244,159,43,2026-09-23T00:00:00+00:00,0,0,43,202
206,073168300019,Rain Ponchos,Emergency Essentials,6,12,EA,219,212,183,52,2026-09-23T00:00:00+00:00,0,0,52,235
206,072140010027,First Aid Kit,Emergency Essentials,6,12,EA,115,111,80,11,2026-09-23T00:00:00+00:00,0,0,11,91
206,051500255162,Peanut Butter,Food / Consumables,6,12,EA,213,202,123,27,2026-09-23T00:00:00+00:00,0,0,27,150
206,016000275867,Granola Bars,Food / Consumables,6,12,EA,89,84,65,12,2026-09-23T00:00:00+00:00,0,0,12,77
206,051000012516,Canned Soup,Food / Consumables,6,12,EA,99,96,63,18,2026-09-23T00:00:00+00:00,0,0,18,81
206,070038640119,Trail Mix,Food / Consumables,6,12,EA,245,222,171,24,2026-09-23T00:00:00+00:00,0,0,24,195
206,028400090460,Value Snacks,Food / Consumables,6,12,EA,185,168,148,37,2026-09-23T00:00:00+00:00,0,0,37,185
206,073730002104,Bread,Food / Consumables,6,12,EA,295,286,236,59,2026-09-23T00:00:00+00:00,0,0,59,295
206,300871231218,Baby Formula,Food / Consumables,6,12,EA,228,214,166,29,2026-09-23T00:00:00+00:00,0,0,29,195
206,017800130039,Pet Food,Household,6,12,EA,178,163,129,23,2026-09-23T00:00:00+00:00,0,0,23,152
206,037000127109,Laundry Detergent,Household,6,12,EA,102,93,78,17,2026-09-23T00:00:00+00:00,0,0,17,95
206,030772057008,Paper Towels,Household,6,12,EA,165,150,132,33,2026-09-23T00:00:00+00:00,0,0,33,165
206,037000424116,Toothpaste,Personal Care,6,12,EA,220,198,143,44,2026-09-23T00:00:00+00:00,0,0,44,187
206,080878179271,Shampoo,Personal Care,6,12,EA,171,165,95,18,2026-09-23T00:00:00+00:00,0,0,18,113
206,301871220013,Hand Sanitizer,Personal Care,6,12,EA,136,127,82,21,2026-09-23T00:00:00+00:00,0,0,21,103
206,081234567895,LPG Cylinder 20lb,Emergency Essentials,1,2,EA,107,103,66,18,2026-09-23T00:00:00+00:00,0,0,18,84
207,049000028911,Bottled Water,Emergency Essentials,24,48,EA,105,95,73,10,2026-09-23T00:00:00+00:00,0,0,10,83
207,039800011906,Batteries,Emergency Essentials,12,24,EA,185,175,111,27,2026-09-23T00:00:00+00:00,0,0,27,138
207,030878004508,Flashlights,Emergency Essentials,6,12,EA,104,97,82,19,2026-09-23T00:00:00+00:00,0,0,19,101
207,041303011003,Rock Salt,Emergency Essentials,8,16,EA,275,255,192,27,2026-09-23T00:00:00+00:00,0,0,27,219
207,052088880018,Space Heater,Emergency Essentials,2,4,EA,299,290,191,56,2026-09-23T00:00:00+00:00,0,0,56,247
207,073168300019,Rain Ponchos,Emergency Essentials,6,12,EA,234,215,138,32,2026-09-23T00:00:00+00:00,0,0,32,170
207,072140010027,First Aid Kit,Emergency Essentials,6,12,EA,103,99,70,23,2026-09-23T00:00:00+00:00,0,0,23,93
207,051500255162,Peanut Butter,Food / Consumables,6,12,EA,253,240,197,45,2026-09-23T00:00:00+00:00,0,0,45,242
207,016000275867,Granola Bars,Food / Consumables,6,12,EA,228,205,143,41,2026-09-23T00:00:00+00:00,0,0,41,184
207,051000012516,Canned Soup,Food / Consumables,6,12,EA,155,150,124,31,2026-09-23T00:00:00+00:00,0,0,31,155
207,070038640119,Trail Mix,Food / Consumables,6,12,EA,271,262,178,56,2026-09-23T00:00:00+00:00,0,0,56,234
207,028400090460,Value Snacks,Food / Consumables,6,12,EA,196,184,158,41,2026-09-23T00:00:00+00:00,0,0,41,199
207,073730002104,Bread,Food / Consumables,6,12,EA,93,88,63,21,2026-09-23T00:00:00+00:00,0,0,21,84
207,300871231218,Baby Formula,Food / Consumables,6,12,EA,264,248,182,63,2026-09-23T00:00:00+00:00,0,0,63,245
207,017800130039,Pet Food,Household,6,12,EA,81,76,45,8,2026-09-23T00:00:00+00:00,0,0,8,53
207,037000127109,Laundry Detergent,Household,6,12,EA,256,230,207,53,2026-09-23T00:00:00+00:00,0,0,53,260
207,030772057008,Paper Towels,Household,6,12,EA,153,145,88,19,2026-09-23T00:00:00+00:00,0,0,19,107
207,037000424116,Toothpaste,Personal Care,6,12,EA,296,266,239,62,2026-09-23T00:00:00+00:00,0,0,62,301
207,080878179271,Shampoo,Personal Care,6,12,EA,285,259,171,42,2026-09-23T00:00:00+00:00,0,0,42,213
207,301871220013,Hand Sanitizer,Personal Care,6,12,EA,87,80,62,10,2026-09-23T00:00:00+00:00,0,0,10,72
207,081234567895,LPG Cylinder 20lb,Emergency Essentials,1,2,EA,293,266,169,38,2026-09-23T00:00:00+00:00,0,0,38,207
208,049000028911,Bottled Water,Emergency Essentials,24,48,EA,96,90,58,15,2026-09-23T00:00:00+00:00,0,0,15,73
208,039800011906,Batteries,Emergency Essentials,12,24,EA,155,144,124,31,2026-09-23T00:00:00+00:00,0,0,31,155
208,030878004508,Flashlights,Emergency Essentials,6,12,EA,257,233,185,30,2026-09-23T00:00:00+00:00,0,0,30,215
208,041303011003,Rock Salt,Emergency Essentials,8,16,EA,235,218,141,35,2026-09-23T00:00:00+00:00,0,0,35,176
208,052088880018,Space Heater,Emergency Essentials,2,4,EA,239,231,200,57,2026-09-23T00:00:00+00:00,0,0,57,257
208,073168300019,Rain Ponchos,Emergency Essentials,6,12,EA,127,123,104,27,2026-09-23T00:00:00+00:00,0,0,27,131
208,072140010027,First Aid Kit,Emergency Essentials,6,12,EA,128,120,93,16,2026-09-23T00:00:00+00:00,0,0,16,109
208,051500255162,Peanut Butter,Food / Consumables,6,12,EA,120,108,66,12,2026-09-23T00:00:00+00:00,0,0,12,78
208,016000275867,Granola Bars,Food / Consumables,6,12,EA,152,136,117,25,2026-09-23T00:00:00+00:00,0,0,25,142
208,051000012516,Canned Soup,Food / Consumables,6,12,EA,220,206,121,22,2026-09-23T00:00:00+00:00,0,0,22,143
208,070038640119,Trail Mix,Food / Consumables,6,12,EA,200,180,110,20,2026-09-23T00:00:00+00:00,0,0,20,130
208,028400090460,Value Snacks,Food / Consumables,6,12,EA,242,232,162,53,2026-09-23T00:00:00+00:00,0,0,53,215
208,073730002104,Bread,Food / Consumables,6,12,EA,217,197,134,36,2026-09-23T00:00:00+00:00,0,0,36,170
208,300871231218,Baby Formula,Food / Consumables,6,12,EA,154,147,106,36,2026-09-23T00:00:00+00:00,0,0,36,142
208,017800130039,Pet Food,Household,6,12,EA,146,140,89,23,2026-09-23T00:00:00+00:00,0,0,23,112
208,037000127109,Laundry Detergent,Household,6,12,EA,119,115,76,22,2026-09-23T00:00:00+00:00,0,0,22,98
208,030772057008,Paper Towels,Household,6,12,EA,121,110,91,19,2026-09-23T00:00:00+00:00,0,0,19,110
208,037000424116,Toothpaste,Personal Care,6,12,EA,103,99,70,23,2026-09-23T00:00:00+00:00,0,0,23,93
208,080878179271,Shampoo,Personal Care,6,12,EA,267,258,165,45,2026-09-23T00:00:00+00:00,0,0,45,210
208,301871220013,Hand Sanitizer,Personal Care,6,12,EA,294,270,232,55,2026-09-23T00:00:00+00:00,0,0,55,287
208,081234567895,LPG Cylinder 20lb,Emergency Essentials,1,2,EA,213,202,144,48,2026-09-23T00:00:00+00:00,0,0,48,192
