ZIP,Latitude,Longitude
75201,32.7847,-96.7970
75204,32.8024,-96.8010
75206,32.8195,-96.7729
75216,32.7156,-96.7810
75228,32.8148,-96.6989
75235,32.8146,-96.8390
75243,32.9107,-96.7237
75023,33.0537,-96.7419
75024,33.0762,-96.8225
75025,33.0912,-96.7395
75069,33.2148,-96.6656
75070,33.1875,-96.6919
75149,32.7668,-96.5991
75061,32.8310,-96.9614
76102,32.7574,-97.3309
76104,32.7385,-97.3080
76107,32.7304,-97.3730
76116,32.7096,-97.4459
76132,32.6748,-97.4046
76010,32.7412,-97.1097
76013,32.7300,-97.1467
76017,32.6668,-97.1467
77002,29.7580,-95.3650
77007,29.7770,-95.4060
77019,29.7530,-95.4110
77040,29.8890,-95.5220
77084,29.7930,-95.6570
77095,29.8660,-95.6770
78701,30.2711,-97.7437
78704,30.2405,-97.7645
78745,30.2065,-97.8065
78753,30.3670,-97.6790
78205,29.4260,-98.4860
78209,29.4780,-98.4610
78216,29.5185,-98.4930
78240,29.5470,-98.5980
79901,31.7610,-106.4850
79902,31.7830,-106.5040
79912,31.8460,-106.5720
79924,31.9160,-106.4210
30303,33.7537,-84.3863
30305,33.8290,-84.3800
30309,33.7930,-84.3860
30318,33.7930,-84.4390
30327,33.8590,-84.4360
30030,33.7748,-84.2963
30032,33.7420,-84.2680
30033,33.8080,-84.2740
30084,33.8580,-84.2470
30060,33.9420,-84.5490
30062,33.9720,-84.4600
30064,33.9260,-84.6080
30066,34.0000,-84.5030
30080,33.8780,-84.5140
31401,32.0809,-81.0912
31404,32.0330,-81.0730
31405,32.0290,-81.1290
31406,31.9860,-81.1080
31419,31.9440,-81.2220
30901,33.4735,-81.9748
30904,33.4680,-82.0250
30906,33.3980,-82.0130
30907,33.4720,-82.0670
31201,32.8407,-83.6324
31204,32.8730,-83.6470
31206,32.8080,-83.5730
31210,32.9060,-83.6580
31901,32.4610,-84.9877
31904,32.5090,-84.9930
31906,32.4160,-84.9420
31907,32.4700,-84.9130
30601,33.9600,-83.3770
30605,33.9310,-83.3480
30606,33.9430,-83.4090
30607,33.9950,-83.4160
